conflictID,BaseCommunity,AttackCommunity,BaseUsers,AttackUsers,NumberOfBase PP,NumberOfAttack PP,MeanofBase PP,MeanofAttack PP,STDofBase PP,STDofAttack PP,Type Of Conflict
6953,"promos 2.62
 shittyfoodporn 1.86
 wallstreetbets 1.83
 The_Donald 1.72
 CFB 1.72","Tinder 2.78
 buildapc 2.34
 StarWars 2.24
 reactiongifs 2.24
 Steam 1.88",494,486,2071,2079,3.066398,3.129363,3.005297,2.762632,many-many
21519,"Argaming 27.77
 argentina 7.97
 Mercadoreddit 7.78
 Argentinacirclejerk 5.77
 Minecraft 2.8","The_Donald 3.16
 nfl 3.04
 buildapc 2.78
 personalfinance 2.78
 tifu 2.28",1154,445,3161,992,2.672727,1.847191,3.221719,1.93699,one-many
4546,"Steam 6.04
 pcmasterrace 4.68
 pcgaming 3.15
 buildapc 2.65
 me_irl 1.81","xboxone 2.52
 WTF 2.23
 news 1.99
 Games 1.88
 television 1.61",240,68,377,130,1.5125,1.676471,1.102955,1.333297,many-many
3251,"youtube 4.65
 Rainmeter 3.31
 TheSilphRoad 3.21
 talesfromtechsupport 2.44
 photography 1.98","BikiniBottomTwitter 5.46
 gatekeeping 3.28
 pussypassdenied 2.74
 niceguys 2.55
 IASIP 2.48",2534,1689,7266,5189,2.297212,1.938453,2.647161,2.130631,many-one
2734,"Undertale 2.74
 place 1.41
 funny 1.16
 AskReddit 1.09
 Overwatch 1.09","mildlyinteresting 2.05
 Showerthoughts 1.62
 worldnews 1.53
 videos 1.4
 gaming 1.14",117,95,205,146,1.65812,1.4,1.612782,1.226033,one-many
8381,"CalgaryFlames 12.26
 food 2.02
 sports 1.93
 tifu 1.82
 books 1.74","4chan 2.45
 MemeEconomy 2.36
 dankmemes 2.1
 CringeAnarchy 1.91
 Tinder 1.88",455,321,744,479,1.573626,1.389408,1.778556,1.238434,one-many
17302,"CitiesSkylines 7.43
 Stellaris 3.51
 DataHoarder 2.97
 oculus 2.89
 androidapps 2.64","HailCorporate 3.44
 HumansBeingBros 3.1
 malefashionadvice 2.77
 gameofthrones 2.25
 hockey 2.23",1818,1409,7115,4874,3.424425,2.160424,4.752821,2.879756,one-many
12893,"masseffect 3.95
 xboxone 1.4
 funny 1.35
 AskReddit 1.07
 pics 1.02","gifs 2.4
 videos 1.79
 politics 1.54
 todayilearned 1.49
 worldnews 1.45",202,46,300,90,1.430693,1.478261,0.916109,1.263865,one-many
21872,"leagueoflegends 4.33
 NintendoSwitch 3.23
 sports 3.1
 Futurology 2.96
 IAmA 2.77","LifeProTips 2.15
 pcmasterrace 1.85
 OldSchoolCool 1.79
 interestingasfuck 1.77
 Overwatch 1.67",511,75,768,126,1.448141,1.12,0.769242,0.324962,many-many
4831,"Suomi 7.42
 Finland 6.88
 2007scape 2.35
 news 1.64
 Games 1.56","The_Donald 2.03
 LifeProTips 1.93
 movies 1.92
 OldSchoolCool 1.78
 pcmasterrace 1.71",565,119,873,187,1.538053,1.504202,1.238349,1.699599,many-many
16835,"de 11.49
 france 2.03
 IAmA 1.85
 dataisbeautiful 1.76
 television 1.62","OldSchoolCool 2.18
 The_Donald 2.09
 aww 2.05
 leagueoflegends 1.78
 mildlyinteresting 1.66",276,105,436,195,1.463768,1.542857,0.945312,1.078169,one-many
8030,"roosterteeth 2.26
 Showerthoughts 1.84
 xboxone 1.71
 place 1.59
 Overwatch 1.55","funhaus 2.69
 movies 2.21
 nfl 1.88
 politics 1.75
 technology 1.71",376,181,955,405,2.382979,1.513812,2.560362,1.144807,many-many
6699,"theblackvoid 3.61
 BlackPeopleTwitter 3.23
 Tinder 2.69
 forhonor 2.69
 hearthstone 2.55","bindingofisaac 3.79
 TumblrInAction 1.89
 Games 1.88
 politics 1.86
 interestingasfuck 1.74",555,155,905,279,1.614414,1.780645,1.268811,2.029686,many-one
11089,"svenskpolitik 4.4
 books 2.28
 iamverysmart 2.16
 woahdude 2.16
 forhonor 1.9","Denmark 2.13
 movies 2.1
 xboxone 2.08
 soccer 1.87
 Rainbow6 1.83",758,485,1752,1370,2.015748,2.138144,2.120953,2.838522,one-many
22117,"CasualConversation 2.94
 brasil 2.88
 MapPorn 2.83
 civ 2.76
 OutOfTheLoop 2.42","argentina 3.56
 trees 2.78
 food 2.47
 NintendoSwitch 2.43
 forhonor 2.18",1023,737,2452,1522,2.181641,1.463415,2.390209,1.304314,many-many
4475,"Cricket 3.73
 Parahumans 3.45
 AFL 3.07
 brisbane 2.98
 straya 2.85","nfl 2.71
 facepalm 2.28
 AskOuija 2.22
 Android 2.21
 4chan 2.17",941,203,1669,426,1.715197,1.719212,1.644129,1.915705,many-many
19848,"belgium 3.86
 europe 2.36
 soccer 2.35
 nottheonion 1.93
 dankmemes 1.43","Jokes 2.53
 Overwatch 1.93
 youtubehaiku 1.92
 LifeProTips 1.92
 theblackvoid 1.89",432,395,1200,913,2.388889,1.797468,2.800738,1.698695,one-many
12397,"Judaism 6.91
 Israel 5.95
 nba 2.19
 hearthstone 2.15
 polandball 2.06","socialism 6.66
 soccer 3.0
 books 2.81
 GlobalOffensive 2.66
 arabs 2.4",503,444,1444,1127,2.582505,2.076577,2.625129,2.168258,many-one
3772,"GreenLattice 7.18
 Overwatch 1.89
 pcmasterrace 1.79
 aww 1.45
 mildlyinteresting 1.24","The_Donald 2.61
 gaming 1.9
 politics 1.46
 explainlikeimfive 1.42
 interestingasfuck 1.38",268,123,543,252,1.94403,1.691057,1.59776,1.71616,one-many
21758,"anime 7.23
 ainbowroad 6.29
 pokemongo 4.03
 StarWars 2.63
 pokemon 2.62","trees 2.53
 nfl 2.44
 BlackPeopleTwitter 1.82
 hearthstone 1.76
 canada 1.59",607,196,1163,380,1.886326,1.642857,1.973947,1.768488,many-many
9556,"arabs 9.45
 FULLCOMMUNISM 2.58
 place 1.81
 movies 1.32
 politics 1.25","Israel 8.03
 todayilearned 1.35
 worldnews 1.28
 news 1.24
 AskReddit 1.01",106,50,278,142,2.509434,1.92,2.563331,1.69517,one-one
9060,"spacex 28.16
 SpaceXLounge 11.67
 teslamotors 8.29
 apple 4.24
 Amd 3.52","uwaterloo 11.04
 BlackPeopleTwitter 3.59
 OldSchoolCool 2.64
 me_irl 2.19
 television 1.79",418,215,930,434,2.167464,1.865116,2.235146,1.795457,one-one
12337,"linux 8.09
 sweden 3.47
 NatureIsFuckingLit 2.55
 meirl 2.47
 2007scape 2.44","greece 5.34
 Steam 2.36
 thatHappened 2.36
 armenia 2.29
 AskEurope 1.93",1262,625,3183,1877,2.188784,1.990431,2.172622,1.957256,one-one
8057,"traaaaaaannnnnnnnnns 60.66
 asktransgender 60.66
 TransFlagPlace 22.29
 lgbt 20.27
 explainlikeimfive 2.88","theblackvoid 12.14
 The_Donald 6.24
 4chan 4.25
 xboxone 4.1
 WTF 3.38",262,261,752,608,2.843511,2.260536,2.87433,2.12293,many-one
22040,"europe 11.82
 portugal 5.09
 soccer 1.95
 pics 0.75
 worldnews 0.72","gaming 2.98
 videos 2.48
 AskReddit 2.16
 place 1.84
 funny 1.79",218,66,337,116,1.490826,1.560606,0.954184,1.256845,one-many
8646,"smashbros 2.15
 me_irl 2.04
 pics 1.64
 Overwatch 1.2
 place 0.94","Games 2.39
 AskReddit 2.34
 Showerthoughts 2.13
 gaming 1.91
 videos 1.32",306,36,492,61,1.588235,1.527778,1.210139,1.142271,many-many
18236,"AskWomen 4.78
 MakeupAddiction 3.74
 GreenLattice 3.03
 fireemblem 2.87
 engineering 2.85","Twitch 3.05
 discordapp 2.61
 unitedkingdom 2.3
 Drama 2.28
 shitpost 2.28",2401,2802,5299,5454,1.871837,1.576006,3.004034,1.893199,many-many
13976,"bindingofisaac 2.18
 politics 1.35
 Overwatch 1.27
 place 1.21
 movies 1.01","pokemon 2.03
 me_irl 1.68
 mildlyinteresting 1.42
 funny 1.42
 leagueoflegends 1.34",300,115,520,197,1.666667,1.469565,1.479489,1.057657,one-many
4852,"Suomi 7.97
 GlobalOffensive 2.08
 europe 1.85
 funny 1.09
 gaming 1.06","gifs 2.06
 place 1.63
 leagueoflegends 1.57
 todayilearned 1.52
 mildlyinteresting 1.38",214,71,250,79,1.163551,1.112676,0.479854,0.316196,one-many
12121,"DnD 4.99
 Tinder 2.6
 Jokes 2.53
 youtubehaiku 2.39
 skyrim 2.11","nfl 2.95
 personalfinance 2.33
 EnoughTrumpSpam 1.91
 UpliftingNews 1.9
 NintendoSwitch 1.83",774,163,1440,408,1.775194,1.601227,1.756083,1.200919,one-many
16568,"CKCrusaders 8.37
 Stellaris 3.29
 paradoxplaza 3.12
 CitiesSkylines 3.05
 RimWorld 2.33","tf2 2.96
 trees 2.54
 buildapc 2.4
 ImGoingToHellForThis 2.23
 Android 2.1",673,818,2250,1424,3.086053,1.344743,3.223387,0.897417,one-many
11123,"theblackvoid 2.81
 gaming 1.61
 politics 1.46
 videos 1.37
 AskReddit 1.29","de 5.2
 europe 2.53
 worldnews 1.03
 gifs 1.0
 todayilearned 0.96",146,101,282,270,1.493151,2.176471,1.054972,1.592949,one-one
15093,"GlobalOffensive 6.8
 interestingasfuck 2.56
 leagueoflegends 2.22
 WTF 2.01
 hearthstone 1.77","dankmemes 2.92
 nfl 2.76
 MemeEconomy 1.72
 place 1.7
 BlackPeopleTwitter 1.6",616,152,1032,305,1.576299,1.552632,1.467402,1.207376,one-many
3028,"skyrim 6.46
 wow 5.38
 pcgaming 3.09
 hearthstone 2.69
 pokemongo 2.55","mildlyinfuriating 2.92
 reactiongifs 2.34
 interestingasfuck 2.09
 woahdude 2.08
 halo 2.01",1166,251,3227,952,2.607021,1.671937,2.802369,1.643974,many-many
14448,"croatia 5.56
 me_irl 1.76
 The_Donald 1.76
 soccer 1.66
 leagueoflegends 1.45","thenetherlands 30.9
 serbia 6.31
 funny 2.38
 mildlyinteresting 1.86
 pics 1.66",271,191,868,546,3.114391,2.65445,3.730523,3.119936,one-one
11647,"vegetarian 20.64
 vegan 8.12
 atheism 3.51
 Futurology 1.86
 news 1.72","gaming 2.27
 pcmasterrace 2.11
 youtubehaiku 1.97
 me_irl 1.97
 movies 1.8",293,244,1025,562,3.348123,2,3.687675,2.627097,one-many
2053,"nottheonion 3.09
 space 2.72
 ImGoingToHellForThis 2.67
 Android 1.96
 wholesomememes 1.85","GlobalOffensive 2.17
 anime 1.94
 NintendoSwitch 1.6
 BlackPeopleTwitter 1.54
 PlaceNL 1.46",728,212,2149,902,2.578297,1.892019,1.86035,1.398383,many-many
17211,"furry_irl 5.67
 furry 5.45
 Overwatch 2.01
 politics 1.77
 aww 1.49","dankmemes 2.14
 television 1.82
 NintendoSwitch 1.65
 space 1.54
 LifeProTips 1.48",222,153,510,360,2.067568,2.006536,1.984156,2.155694,many-many
5704,"TumblrInAction 3.91
 AskUK 2.39
 pcgaming 2.16
 CasualUK 2.16
 The_Donald 1.83","leagueoflegends 2.69
 nottheonion 1.88
 GlobalOffensive 1.72
 politics 1.6
 Futurology 1.59",479,215,917,599,1.841336,2.669767,2.0948,6.094433,one-one
89,"maryland 8.5
 RocketLeague 6.66
 svenskpolitik 4.64
 eu4 4.16
 SwedenOnPlace 4.0","space 2.8
 conspiracy 2.66
 nfl 2.66
 PoliticalHumor 2.35
 Jokes 2.29",1474,291,2957,610,1.938942,1.439863,1.5603,1.166098,many-many
3353,"italy 13.91
 britishproblems 2.72
 funny 1.78
 mildlyinteresting 1.32
 pcmasterrace 1.26","Showerthoughts 2.38
 aww 2.06
 IAmA 1.81
 gaming 1.63
 pics 1.47",249,68,395,138,1.493976,1.676471,1.014436,1.355177,one-many
23,"skyrim 7.17
 pcgaming 3.87
 pokemongo 3.15
 wow 3.15
 hearthstone 3.01","mildlyinfuriating 2.46
 reactiongifs 2.42
 halo 2.34
 woahdude 2.11
 Whatcouldgowrong 1.89",1229,297,3546,1134,2.684553,1.637584,2.927527,1.544485,one-many
7081,"saplings 8.36
 Drugs 4.85
 trees 4.61
 LSD 3.08
 fo4 2.64","tipofmytongue 3.12
 baseball 2.79
 youtubehaiku 2.75
 Amd 2.49
 OutOfTheLoop 2.29",1061,473,2221,892,2.035815,1.727848,2.713571,2.028225,one-many
3292,"BABYMETAL 17.82
 SakuraGakuin 14.01
 kpop 6.41
 anime_irl 3.74
 anime 3.0","nba 3.2
 science 2.85
 nfl 2.56
 GlobalOffensive 2.38
 woahdude 2.21",740,434,2457,785,3.282432,1.66129,3.934939,2.016756,many-many
9127,"AnnArbor 10.24
 uofm 9.92
 Suomi 6.7
 GooglePixel 3.79
 Purdue 3.73","msu 6.62
 OhioStateFootball 5.62
 clevelandcavs 5.2
 Ohio 4.5
 Browns 3.85",2446,1878,15119,7947,5.636549,3.166314,9.017878,4.445871,many-many
3787,"reactiongifs 3.59
 announcements 3.33
 starterpacks 3.33
 Music 3.08
 HighQualityGifs 3.07","books 3.01
 ainbowroad 2.75
 iamverysmart 1.79
 dataisbeautiful 1.68
 Jokes 1.58",748,108,1789,341,2.304813,1.212963,1.940458,0.561923,many-many
20521,"ParahumansPlace 9.2
 Parahumans 9.09
 straya 1.81
 australia 1.24
 todayilearned 1.12","The_Donald 3.35
 WTF 1.82
 funny 1.47
 melbourne 1.45
 movies 1.45",231,84,394,166,1.645022,1.809524,1.320651,1.861107,many-one
10278,"EraseThePlace 8.13
 ainbowroad 1.98
 television 1.79
 The_Donald 1.79
 place 1.65","GlobalOffensive 2.48
 Jokes 1.86
 WTF 1.74
 mildlyinteresting 1.58
 funny 1.57",207,258,864,469,4.024155,1.434109,4.822892,1.24418,one-many
14434,"ShitLiberalsSay 3.06
 COMPLETEANARCHY 2.62
 TheFarLeftSide 2.55
 Anarchism 2.44
 EnoughTrumpSpam 2.14","Anarcho_Capitalism 4.78
 The_Donald 2.86
 mildlyinteresting 2.69
 WTF 2.56
 funny 2.15",196,148,373,255,1.811224,1.554054,1.518618,1.503526,many-one
16118,"Competitiveoverwatch 10.1
 Stellaris 9.64
 OverwatchUniversity 4.13
 apple 3.44
 sex 3.21","onguardforthee 3.28
 metacanada 2.95
 thatHappened 2.78
 cringe 2.59
 canadaguns 2.4",1986,855,4403,2176,2.040765,1.818925,2.068979,1.790073,many-many
8824,"leagueoflegends 2.18
 BlackPeopleTwitter 1.96
 worldnews 1.72
 masseffect 1.67
 Games 1.64","AdviceAnimals 2.18
 me_irl 2.13
 Music 1.97
 buildapc 1.86
 WTF 1.75",495,93,794,201,1.553535,1.553191,1.172351,1.380849,many-many
18857,"MURICA 5.99
 nba 5.66
 AFIP 4.23
 CFB 4.07
 PoliticalDiscussion 4.06","theblackvoid 5.45
 australia 5.28
 soccer 2.96
 Bitcoin 2.96
 hmmm 2.69",1299,499,2361,922,1.770593,1.681363,1.759093,1.634018,many-many
21936,"television 2.8
 tifu 1.77
 movies 1.71
 explainlikeimfive 1.66
 Showerthoughts 1.55","bulgaria 3.9
 europe 2.98
 WTF 1.92
 aww 1.64
 videos 1.51",401,100,612,198,1.491272,1.69,1.391298,1.487918,one-many
13008,"vegan 18.39
 LateStageCapitalism 4.63
 EnoughTrumpSpam 3.14
 NoStupidQuestions 2.1
 science 2.05","food 3.55
 4chan 3.02
 xboxone 2.83
 OutOfTheLoop 2.75
 Overwatch 2.71",463,541,2268,1334,4.781857,2.301294,5.769692,3.087117,one-many
11720,"SwissNeutralityZone 12.05
 Switzerland 9.24
 EarthPorn 5.31
 europe 2.02
 StarWars 1.83","leagueoflegends 2.54
 The_Donald 2.09
 dankmemes 1.91
 television 1.55
 books 1.46",365,221,887,439,2.4,1.855204,3.100862,2.869221,many-many
9294,"me_irl 2.61
 Overwatch 2.24
 Cricket 2.0
 politics 1.86
 india 1.56","television 2.03
 gaming 1.68
 Showerthoughts 1.6
 mildlyinteresting 1.45
 news 1.38",286,85,1292,577,4.189655,1.581395,3.905155,1.061648,many-many
15283,"guessthedotahero 6.41
 RimWorld 6.41
 Rainbow6 4.17
 starcitizen 3.64
 DotA2 3.5","summonerschool 15.74
 leagueoflegends 3.85
 streetwear 3.83
 pokemongo 2.85
 pokemon 2.28",1719,499,3565,1166,2.021524,1.913828,2.627129,2.741098,many-one
10753,"paradoxplaza 9.0
 eu4 5.24
 leagueoflegends 4.49
 CrusaderKings 4.21
 Stellaris 3.19","television 2.47
 LateStageCapitalism 2.4
 politics 2.15
 videos 2.05
 WTF 2.02",422,106,773,258,1.777251,1.943396,1.705206,1.902482,one-many
14822,"transgendercirclejerk 37.42
 actuallesbians 31.36
 transpositive 26.52
 asktransgender 17.79
 traaaaaaannnnnnnnnns 17.71","The_Donald 5.7
 theblackvoid 4.53
 wallstreetbets 4.45
 MMA 4.05
 RoastMe 3.98",1641,1020,4777,1839,2.897014,1.757843,4.189566,2.685325,many-many
10042,"weekendgunnit 24.25
 WhereIsAssange 6.86
 TheRedPill 5.88
 Physical_Removal 5.7
 CCW 4.65","circlebroke2 4.63
 AgainstHateSubreddits 3.68
 FULLCOMMUNISM 3.45
 mexico 3.41
 RoomPorn 3.27",4017,2801,15247,10125,3.467778,2.961881,7.043966,4.814438,one-many
13716,"mylittlepony 17.18
 MLPLounge 13.59
 wholesomememes 1.81
 tf2 1.8
 science 1.61","The_Donald 3.61
 CringeAnarchy 2.69
 me_irl 2.52
 xboxone 2.14
 StarWars 1.99",432,256,1038,515,2.31713,1.84375,2.212942,1.560937,many-many
3387,"ockytop 3.85
 Iceland 3.44
 NHLStreams 2.8
 pcgaming 2.71
 norge 2.65","DetroitRedWings 5.0
 formula1 4.74
 Habs 4.04
 OttawaSenators 2.79
 h3h3productions 2.67",1070,618,3355,1859,2.773148,1.922705,2.934063,1.962732,many-many
6917,"interestingasfuck 3.74
 SubredditDrama 3.49
 AskOuija 3.37
 xboxone 3.32
 reactiongifs 2.99","DnD 4.38
 anime 2.7
 OutOfTheLoop 2.32
 rickandmorty 2.29
 Games 2.17",828,115,1545,270,1.771739,1.156522,1.137768,0.429181,many-one
18154,"todayilearned 2.05
 gifs 1.82
 videos 1.8
 worldnews 1.59
 gaming 1.49","furry 5.16
 AskReddit 1.36
 news 1.11
 place 1.11
 politics 0.79",64,74,225,177,2.9375,1.878378,2.674387,1.469995,many-one
12355,"touhou 30.39
 anime_irl 4.87
 anime 3.51
 place 1.99
 Overwatch 1.46","The_Donald 2.8
 gifs 2.52
 IAmA 2.43
 Showerthoughts 2.31
 politics 2.31",388,156,733,243,1.871134,1.346154,1.595384,1.26417,one-many
13933,"Games 2.3
 television 1.67
 AdviceAnimals 1.61
 place 1.39
 space 1.35","Music 2.37
 BlackPeopleTwitter 2.27
 nottheonion 1.86
 Overwatch 1.55
 pcmasterrace 1.47",321,247,601,445,1.697819,1.459677,1.844153,1.539267,many-many
16350,"NintendoSwitch 2.92
 xboxone 2.78
 WTF 2.46
 dankmemes 2.34
 pokemon 2.34","ainbowroad 2.46
 tifu 2.09
 CringeAnarchy 1.95
 oddlysatisfying 1.95
 youtubehaiku 1.83",450,217,900,575,1.655556,2.087558,1.512622,1.769345,many-many
19408,"The_Donald 8.35
 uncensorednews 2.24
 4chan 1.89
 tifu 1.79
 television 1.65","SwedenOnPlace 5.19
 sweden 3.71
 europe 2.18
 svenskpolitik 2.07
 Games 1.92",410,262,2690,952,6.192214,2.270992,8.909632,3.821274,one-many
22033,"italy 6.23
 Calgary 5.66
 CalgaryFlames 4.07
 dankmemes 2.6
 dataisbeautiful 1.89","canucks 12.88
 vancouver 12.57
 GlobalOffensive 2.3
 EdmontonOilers 1.78
 baseball 1.7",562,362,1433,748,2.5,1.972376,2.904316,2.32315,many-many
16005,"nfl 6.13
 theblackvoid 3.9
 ImGoingToHellForThis 3.37
 leagueoflegends 2.77
 NintendoSwitch 2.38","OutOfTheLoop 3.0
 anime 2.7
 europe 2.65
 Futurology 2.2
 UpliftingNews 2.03",696,201,1013,291,1.426724,1.333333,0.892387,0.748686,one-many
19662,"Android 6.63
 Dallas 3.16
 tifu 2.31
 4chan 1.9
 OldSchoolCool 1.87","Music 2.25
 EnoughTrumpSpam 1.81
 conspiracy 1.68
 worldnews 1.54
 Showerthoughts 1.51",517,177,1244,505,2.257253,1.893258,2.602181,1.955936,one-many
13525,"pcmasterrace 4.01
 place 2.05
 PrequelMemes 1.78
 mildlyinteresting 1.43
 Overwatch 1.37","newzealand 2.9
 videos 1.43
 AskReddit 1.37
 movies 1.26
 gifs 1.19",145,103,282,204,1.682759,1.68932,1.300946,1.329495,one-one
4408,"Python 8.87
 portugal 5.73
 EuropePlace 5.33
 YUROP 4.9
 spain 4.44","Anarcho_Capitalism 3.61
 onewordeach 3.55
 milliondollarextreme 3.48
 3Dprinting 3.09
 nostalgia 2.71",4703,3712,13859,11142,2.411952,2.141015,3.145991,2.426849,one-many
1122,"chile 3.76
 soccer 2.24
 todayilearned 1.67
 gifs 1.48
 AskReddit 1.09","argentina 9.98
 worldnews 1.47
 gaming 1.24
 movies 1.24
 pcmasterrace 1.21",153,81,459,274,2.555556,2.444444,2.441174,2.54345,one-one
11106,"hearthstone 4.28
 youtubehaiku 3.73
 TumblrInAction 3.27
 reactiongifs 2.72
 rickandmorty 2.63","CFB 2.79
 dataisbeautiful 2.55
 OldSchoolCool 2.42
 OutOfTheLoop 2.31
 DnD 2.12",799,74,1890,212,2.30413,1.162162,1.785457,0.435798,many-many
18619,"canada 4.18
 h3h3productions 2.2
 WTF 2.17
 AdviceAnimals 1.86
 mildlyinfuriating 1.7","announcements 2.61
 Games 2.06
 woahdude 1.89
 explainlikeimfive 1.83
 TumblrInAction 1.81",573,266,1376,573,2.284468,1.43609,2.458249,1.491093,one-many
5073,"tipofmytongue 2.84
 pcgaming 2.72
 anime 2.1
 relationships 1.98
 tifu 1.93","tf2 2.48
 comics 2.18
 4chan 2.03
 MMA 2.03
 shittyaskscience 2.03",1084,490,1880,827,1.655904,1.420408,1.804732,1.442359,many-many
14737,"Suomi 39.75
 europe 4.71
 hockey 2.97
 GlobalOffensive 2.33
 leagueoflegends 1.85","politics 2.82
 WTF 2.8
 me_irl 2.28
 pics 2.12
 aww 1.97",337,198,472,235,1.391691,1.166667,0.888931,0.633652,one-many
8678,"SakuraGakuin 23.64
 BABYMETAL 22.44
 explainlikeimfive 2.58
 anime 1.89
 wholesomememes 1.82","xboxone 3.4
 television 2.47
 The_Donald 2.43
 CringeAnarchy 2.01
 LifeProTips 1.96",401,194,1125,337,2.76808,1.505155,2.684318,1.415115,many-many
17839,"melbourne 2.69
 straya 2.61
 Cricket 2.09
 Showerthoughts 1.78
 Music 1.5","television 2.15
 gifs 1.88
 technology 1.66
 WTF 1.53
 politics 1.53",331,115,767,337,2.072508,1.817391,1.796489,1.877012,many-many
4606,"Yogscast 3.4
 gaming 2.35
 videos 1.45
 todayilearned 1.36
 pics 1.36","politics 2.74
 WTF 1.73
 news 1.63
 houston 1.37
 movies 1.37",165,61,286,137,1.521212,1.47541,1.030374,0.879764,one-one
16331,"CrusaderKings 6.74
 pcmasterrace 1.98
 The_Donald 1.93
 gaming 1.69
 funny 1.33","nottheonion 2.15
 television 2.11
 youtubehaiku 1.93
 dataisbeautiful 1.93
 politics 1.89",236,60,320,100,1.334746,1.616667,0.804002,1.12682,one-many
14445,"OLTP 25.63
 ELTP 19.69
 TagProTesting 18.5
 NLTP 13.3
 TagPro 10.76","LivestreamFail 3.77
 4chan 3.61
 ImGoingToHellForThis 2.83
 hmmm 2.62
 StarWars 2.53",804,684,3249,1715,3.987562,2.283626,4.732112,2.944659,many-many
18525,"LivestreamFail 4.1
 JusticeServed 2.87
 smashbros 2.38
 Ice_Poseidon 2.16
 pathofexile 2.09","masseffect 3.72
 PuzzleAndDragons 2.62
 StarWars 2.53
 UpliftingNews 2.03
 bindingofisaac 2.01",1300,509,2815,1231,1.980784,1.554028,1.762737,1.229759,many-many
17635,"SwedenOnPlace 27.03
 sweden 13.53
 programming 2.37
 bestof 2.37
 forhonor 2.34","TheSilphRoad 4.28
 Denmark 3.39
 pokemongo 3.01
 nfl 2.58
 The_Donald 2.46",1398,504,2632,780,1.869814,1.484127,1.82541,1.728538,one-many
8385,"bakchodi 2.45
 Jokes 1.76
 india 1.64
 technology 1.59
 IndiaSpeaks 1.59","pakistan 2.92
 pcmasterrace 1.67
 todayilearned 1.44
 Cricket 1.43
 gaming 1.33",254,164,703,579,2.511811,3.103659,2.708593,3.834406,many-one
19558,"heroesofthestorm 4.2
 starcraft 3.47
 Games 2.01
 pokemon 1.8
 hearthstone 1.74","DotA2 6.27
 technology 3.05
 wholesomememes 2.31
 GlobalOffensive 2.01
 nottheonion 1.85",516,265,881,459,1.647287,1.479245,1.405834,1.63238,many-one
13258,"copenhagen 57.91
 DANMAG 44.96
 Aarhus 41.33
 dankmark 24.81
 newzealand 16.53","swedishproblems 45.9
 svenskpolitik 36.95
 SwedenOnPlace 30.93
 jag_ivl 26.33
 stockholm 25.48",3639,3945,15778,10961,4.250275,2.423106,5.302576,3.149489,many-many
12024,"roosterteeth 5.74
 politics 4.27
 funhaus 2.69
 place 1.38
 xboxone 1.25","funny 2.26
 gaming 2.21
 mildlyinteresting 2.09
 pics 1.8
 worldnews 1.57",178,45,255,87,1.353933,1.466667,0.737069,1.309792,many-many
53,"Gunners 15.96
 pcmasterrace 1.89
 politics 1.62
 funny 1.34
 todayilearned 1.32","coys 82.33
 news 1.52
 videos 1.25
 Showerthoughts 1.18
 worldnews 1.15",243,92,509,280,1.979424,2.76087,1.810915,2.424376,one-one
20399,"SWARJE 12.98
 SwedenOnPlace 6.53
 svenskpolitik 4.96
 sweden 4.86
 Jokes 2.96","iamverysmart 3.04
 The_Donald 3.03
 Documentaries 2.53
 BlackPeopleTwitter 2.46
 Denmark 2.3",697,423,1642,785,2.275466,1.572104,2.685075,1.647084,one-many
4770,"anime_irl 3.44
 DnD 3.04
 anime 2.88
 stevenuniverse 2.78
 Minecraft 2.55","trees 2.82
 ImGoingToHellForThis 2.4
 sports 2.17
 Documentaries 1.99
 oddlysatisfying 1.87",790,439,1870,772,2.282278,1.469248,3.757196,1.579578,many-many
18979,"MonaLisaClan 3.71
 ainbowroad 2.8
 mildlyinfuriating 1.61
 quityourbullshit 1.6
 RocketLeague 1.58","europe 2.37
 sports 2.37
 theblackvoid 2.1
 The_Donald 1.95
 Tinder 1.77",430,381,1118,963,2.155093,1.942408,2.218717,2.038075,many-many
20442,"NintendoSwitch 4.24
 smashbros 1.64
 anime 1.26
 pokemon 1.26
 gaming 1.2","Overwatch 2.0
 AskReddit 1.23
 FireEmblemHeroes 1.19
 place 1.04
 todayilearned 0.98",210,42,623,180,2.766667,1.809524,2.395995,1.880199,one-one
1633,"wholesomememes 3.75
 ainbowroad 3.15
 interestingasfuck 2.78
 news 2.39
 nottheonion 2.03","The_Donald 2.9
 pcmasterrace 1.71
 xboxone 1.63
 RocketLeague 1.6
 WritingPrompts 1.6",487,164,938,273,1.899384,1.52439,1.994896,1.605825,many-one
9399,"AcePlace 44.62
 asexuality 32.72
 traaaaaaannnnnnnnnns 11.56
 Asexual 9.96
 forwardsfromgrandma 9.43","4chan 4.14
 The_Donald 3.73
 thatHappened 2.9
 Games 2.77
 h3h3productions 2.58",498,406,2587,1171,5.056112,2.655172,7.795023,3.170727,many-many
15110,"placehearts 8.86
 mildlyinteresting 1.64
 place 1.63
 politics 1.47
 aww 1.43","Jokes 2.53
 AdviceAnimals 2.03
 me_irl 1.83
 videos 1.56
 IAmA 1.52",282,157,377,199,1.329787,1.267516,0.9534,0.832326,one-many
7243,"cutenoobs 5.4
 runescape 2.49
 CringeAnarchy 2.39
 teenagers 2.27
 2007scape 2.26","OldSchoolCool 3.41
 trees 2.52
 Futurology 2.49
 aww 2.33
 explainlikeimfive 2.26",745,373,1281,578,1.672483,1.375335,1.828956,1.426908,one-many
1354,"Denmark 25.44
 Games 2.76
 IAmA 2.63
 news 1.43
 videos 1.42","sweden 4.56
 The_Donald 1.76
 pics 1.52
 leagueoflegends 1.51
 technology 1.46",454,183,732,306,1.594714,1.628415,1.570254,1.706196,one-one
2366,"BlueCorner 49.36
 RimWorld 10.21
 talesfromtechsupport 7.15
 titanfall 5.11
 techsupportgore 5.11","Ice_Poseidon 55.45
 loltyler1 53.45
 Destiny 17.76
 LivestreamFail 7.24
 osugame 5.35",1396,1312,3037,2417,2.077364,1.74314,2.191355,2.108425,one-many
18567,"runescape 4.47
 2007scape 3.53
 leagueoflegends 1.45
 movies 1.25
 GlobalOffensive 1.25","PurplePixels 4.93
 AdviceAnimals 2.63
 WTF 1.98
 pics 1.58
 IAmA 1.5",291,220,624,507,1.793814,1.800905,1.554982,1.796477,many-one
10759,"factorio 5.4
 pcmasterrace 1.88
 videos 1.77
 AskReddit 1.4
 todayilearned 1.22","greece 8.65
 funny 1.69
 gaming 1.64
 pics 1.33
 place 1.25",139,74,394,248,2.647482,2.635135,2.689878,3.168998,one-one
4391,"furry 5.59
 touhou 3.82
 furry_irl 2.56
 Overwatch 2.29
 place 2.21","gaming 2.55
 todayilearned 2.38
 pcmasterrace 2.31
 politics 2.13
 pics 2.13",255,72,506,140,1.901961,1.472222,1.5675,0.816024,one-many
15116,"SquareSpiral 40.82
 argentina 3.92
 magicTCG 3.37
 CasualConversation 2.67
 casualiama 2.67","holdmybeer 3.83
 watchpeopledie 3.38
 whitepeoplegifs 3.19
 theblackvoid 3.1
 SquaredCircle 2.77",1571,1238,3290,1675,2.076384,1.306139,3.593866,1.17423,one-many
18951,"EDC 5.68
 MURICA 3.77
 tf2 3.55
 CollegeBasketball 3.3
 guns 3.25","unitedkingdom 10.75
 de 5.3
 canada 3.92
 programming 2.82
 Steam 2.68",2134,888,5211,2472,2.321328,2.328459,2.974498,3.097604,one-one
22991,"CollegeBasketball 12.01
 AskTrumpSupporters 7.84
 AskAnAmerican 6.67
 Fallout 5.67
 MURICA 5.45","unitedkingdom 7.36
 australia 6.94
 de 5.59
 sweden 3.44
 darksouls3 3.38",3095,646,5001,1011,1.602262,1.439628,1.25122,1.500849,one-many
13732,"movies 3.16
 PrequelMemes 3.06
 me_irl 1.57
 place 1.52
 dataisbeautiful 1.43","archlinux 5.83
 gaming 1.77
 funny 1.77
 pcmasterrace 1.42
 mildlyinteresting 1.4",206,119,341,198,1.582524,1.462185,1.206972,1.228444,many-one
1861,"pakistan 3.5
 Cricket 2.06
 videos 1.55
 place 1.53
 pics 1.17","The_Donald 4.29
 gaming 2.08
 politics 1.95
 todayilearned 1.53
 news 1.35",153,95,504,332,3.091503,2.684211,2.608081,3.59023,one-one
22167,"starcraft 4.78
 heroesofthestorm 2.71
 wow 2.34
 NintendoSwitch 2.14
 hearthstone 2.12","DotA2 4.59
 Music 2.15
 GlobalOffensive 2.14
 todayilearned 1.78
 WTF 1.68",386,202,656,321,1.61399,1.316832,1.254509,0.943248,one-one
8278,"de 49.67
 explainlikeimfive 3.41
 pcmasterrace 2.29
 GlobalOffensive 1.89
 europe 1.68","movies 2.74
 The_Donald 2.55
 Overwatch 2.24
 gaming 2.04
 place 2.04",337,124,461,201,1.364985,1.604839,0.878539,1.507072,one-many
21040,"Sneakers 2.32
 Overwatch 1.89
 Kanye 1.64
 hiphopheads 1.59
 place 1.53","pics 2.03
 worldnews 1.92
 todayilearned 1.87
 gifs 1.86
 politics 1.73",251,83,404,192,1.553785,2.13253,1.100568,3.068578,many-many
5178,"bostonceltics 4.85
 Patriots 4.41
 place 1.4
 videos 1.26
 nfl 1.22","lakers 4.09
 gifs 2.44
 television 1.9
 gaming 1.44
 hiphopheads 1.25",176,126,502,363,2.642045,2.301587,3.153685,2.364653,many-one
15064,"COMPLETEANARCHY 18.51
 TheFarLeftSide 15.89
 socialism 7.14
 ShitLiberalsSay 6.54
 LateStageCapitalism 5.87","GoldandBlack 80.46
 Libertarian 11.45
 Anarcho_Capitalism 10.39
 The_Donald 5.13
 CringeAnarchy 4.6",250,147,909,735,3.516,4.823129,5.015351,6.387382,many-one
10923,"OldSchoolCool 5.52
 StLouis 2.76
 stlouisblues 2.65
 sports 2.45
 Cardinals 2.3","FireEmblemHeroes 3.3
 Games 3.07
 nba 2.93
 space 2.2
 CrappyDesign 2.06",610,590,1502,1351,2.080328,1.723729,2.361947,1.661104,one-many
668,"CrusaderKings 2.96
 eu4 2.4
 paradoxplaza 2.33
 Showerthoughts 1.54
 Stellaris 1.35","videos 2.01
 place 2.0
 pics 1.92
 funny 1.24
 AskReddit 1.22",187,37,216,57,1.139037,1.486486,0.403096,1.444872,many-many
9301,"gameofthrones 2.55
 pussypassdenied 2.47
 ProgrammerHumor 2.06
 PS4 1.88
 masseffect 1.86","Idubbbz 3.74
 JonTron 3.54
 oldpeoplefacebook 2.49
 LivestreamFail 2.43
 tumblr 2.18",1166,1143,2886,2423,2.197774,1.686736,2.936152,2.160356,many-many
19752,"me_irl 2.32
 roosterteeth 2.12
 IAmA 1.78
 aww 1.73
 WTF 1.35","Naruto 3.7
 todayilearned 1.91
 pcmasterrace 1.83
 worldnews 1.61
 xboxone 1.52",184,147,514,384,2.389189,1.837838,3.281379,1.594136,many-one
1123,"brasil 41.71
 desabafos 29.34
 SquareSpiral 21.98
 BrasildoB 20.93
 jogatina 19.88","hockey 4.8
 CollegeBasketball 4.61
 Sneakers 4.08
 de 3.95
 malefashionadvice 3.04",1493,1336,4378,2142,2.914267,1.558383,4.192379,1.56435,many-many
5695,"2007scape 7.42
 runescape 6.56
 leagueoflegends 2.65
 Tinder 2.44
 forhonor 2.37","ImGoingToHellForThis 3.21
 The_Donald 3.03
 TumblrInAction 2.13
 dankmemes 1.98
 OldSchoolCool 1.95",865,318,1447,605,1.627746,1.764151,1.339543,2.856809,many-many
13797,"anime 3.11
 wow 2.25
 heroesofthestorm 2.0
 aww 1.88
 Overwatch 1.8","CringeAnarchy 3.08
 The_Donald 2.64
 WTF 2.24
 AdviceAnimals 2.04
 youtubehaiku 1.75",314,229,612,503,1.541401,1.554585,1.015739,1.082952,many-many
14864,"philadelphia 16.85
 sixers 12.01
 Flyers 10.43
 eagles 10.09
 leagueoflegends 1.69","EvilLeagueOfEvil 10.45
 NYGiants 5.12
 Redskins 4.95
 cowboys 4.36
 personalfinance 2.27",550,430,2692,1440,4.689091,3.039535,6.194988,3.758503,many-one
14410,"Battlefield 2.92
 funhaus 2.65
 rickandmorty 2.53
 hiphopheads 2.36
 CowChop 1.99","DIY 3.34
 dbz 2.52
 PoliticalHumor 2.3
 books 2.29
 GetMotivated 2.29",1706,683,5894,1868,3.331576,1.79063,4.93498,2.477737,many-many
20874,"ireland 7.21
 northernireland 5.2
 rugbyunion 5.03
 RocketLeague 3.1
 MMA 2.41","nfl 2.7
 iamverysmart 2.03
 news 1.8
 Jokes 1.79
 OldSchoolCool 1.7",557,205,913,243,1.631957,1.15122,1.280675,0.784957,many-many
1833,"mexico 3.42
 pcmasterrace 1.63
 place 1.26
 IAmA 1.06
 worldnews 1.0","The_Donald 2.54
 funny 1.62
 movies 1.44
 gaming 1.44
 WTF 1.36",203,106,559,290,2.394089,1.59434,2.395062,1.301511,one-one
427,"Judaism 3.76
 Israel 2.77
 Scotland 2.23
 television 1.68
 h3h3productions 1.64","CringeAnarchy 4.12
 4chan 3.82
 The_Donald 2.3
 dankmemes 1.96
 gifs 1.9",335,205,1147,820,3.026786,3.24878,3.771273,4.754619,many-many
15392,"placeDE 126.52
 touhou 122.7
 de 42.63
 the_schulz 34.55
 de_EDV 33.45","hockey 7.32
 AmericanFlaginPlace 6.91
 baseball 6.77
 CollegeBasketball 6.23
 MURICA 5.59",1221,1061,3105,2100,2.485667,1.897267,2.804729,1.904358,many-many
10581,"NintendoSwitch 6.51
 DestinyTheGame 2.73
 Fireteams 1.94
 WTF 1.51
 Overwatch 1.48","television 2.07
 worldnews 2.04
 Showerthoughts 1.75
 mildlyinteresting 1.73
 pcmasterrace 1.72",236,74,359,119,1.474576,1.351351,1.067326,0.861056,one-many
17788,"EdmontonOilers 6.69
 Edmonton 2.1
 canada 1.81
 worldnews 1.63
 GlobalOffensive 1.41","Calgary 3.31
 place 2.52
 gifs 1.93
 pics 1.67
 AskReddit 1.56",213,119,657,339,2.971831,2.210084,3.321456,3.2277,one-many
15429,"pics 2.47
 worldnews 1.93
 todayilearned 1.79
 Showerthoughts 1.73
 gifs 1.69","Eve 4.92
 The_Donald 1.92
 Futurology 1.78
 gaming 1.58
 movies 1.46",244,80,349,162,1.356557,1.85,0.809724,1.533786,many-one
6788,"nba 2.02
 GlobalOffensive 1.93
 politics 1.85
 funny 1.53
 starterpacks 1.49","gifs 2.2
 television 2.19
 gaming 1.71
 movies 1.63
 me_irl 1.56",322,86,782,269,2.270186,1.837209,1.977744,1.453628,many-many
10344,"AmericanFlaginPlace 6.07
 indieheads 2.77
 me_irl 1.65
 technology 1.47
 pcmasterrace 1.47","AdviceAnimals 2.04
 WTF 1.89
 PoliticalHumor 1.83
 worldnews 1.5
 IAmA 1.5",211,67,428,162,1.92891,1.567164,1.88274,1.09577,one-many
22235,"TheFarLeftSide 21.39
 FULLCOMMUNISM 15.58
 GamerGhazi 12.92
 COMPLETEANARCHY 10.38
 badphilosophy 8.33","ImGoingToHellForThis 8.06
 Anarcho_Capitalism 8.02
 The_Donald 7.18
 4chan 7.17
 Libertarian 6.4",424,212,1445,630,3.372642,2.830189,3.784004,3.857049,many-many
22987,"ainbowroad 2.18
 dataisbeautiful 1.78
 Showerthoughts 1.74
 gifs 1.72
 mildlyinteresting 1.69","theblackvoid 8.3
 The_Donald 2.22
 youtubehaiku 1.65
 space 1.5
 worldnews 1.47",341,252,996,510,2.835777,1.924603,3.377866,3.870712,many-one
1888,"place 2.07
 2007scape 2.07
 runescape 1.64
 mildlyinteresting 1.36
 pcmasterrace 1.35","worldnews 2.7
 funny 1.77
 pics 1.75
 videos 1.61
 Showerthoughts 1.52",208,74,341,151,1.581731,1.810811,1.190125,2.403127,many-one
3041,"EdmontonOilers 4.0
 GlobalOffensive 2.25
 hockey 2.1
 movies 1.77
 Edmonton 1.56","politics 2.12
 AskReddit 2.07
 worldnews 1.93
 news 1.77
 pics 1.66",147,56,558,181,3.662162,2.125,3.260231,2.212485,one-many
18592,"WritingPrompts 2.33
 hockey 2.1
 television 1.51
 nintendo 1.46
 LifeProTips 1.41","justneckbeardthings 2.99
 announcements 2.37
 techsupport 2.11
 Android 1.79
 Minecraft 1.79",328,637,623,1030,1.468085,1.380878,1.259511,1.02969,many-many
18766,"LinuxActionShow 13.43
 Fedora 13.02
 i3wm 11.39
 opensource 11.19
 PHP 9.76","darksouls 4.0
 gtaonline 3.69
 Sneakers 3.62
 keto 3.28
 SkincareAddiction 2.95",5454,2261,13522,3931,2.43483,1.467286,3.784976,1.652515,many-many
13695,"hearthstone 5.2
 starcraft 3.68
 wow 2.65
 heroesofthestorm 2.2
 Overwatch 1.78","WorldofTanks 18.89
 pcmasterrace 1.73
 pics 1.67
 movies 1.61
 todayilearned 1.6",393,131,900,267,2.201018,1.328244,2.001983,0.756072,many-one
9461,"GifRecipes 3.77
 Edmonton 3.6
 battlefield_one 3.11
 Habs 2.95
 EnoughTrumpSpam 2.74","Eve 5.41
 tipofmytongue 2.95
 forhonor 2.86
 guns 2.73
 Roadcam 2.67",1372,690,4835,2758,3.09157,2.405483,3.398921,2.552496,many-one
13465,"The_Donald 2.93
 conspiracy 2.54
 aww 2.02
 technology 1.85
 movies 1.77","dataisbeautiful 2.77
 nottheonion 1.65
 politics 1.61
 pcmasterrace 1.6
 AskReddit 1.43",242,76,323,117,1.318182,1.486842,0.824471,1.117957,many-one
794,"pokemontrades 8.31
 twitchplayspokemon 4.81
 gamegrumps 4.52
 fireemblem 4.52
 MonsterHunter 4.37","Idubbbz 5.24
 unitedkingdom 2.82
 theblackvoid 2.66
 history 2.44
 LivestreamFail 2.29",2414,910,6640,2372,2.632298,1.813187,3.78115,2.126815,one-one
3547,"eu4 9.65
 paradoxplaza 7.74
 Stellaris 5.08
 CrusaderKings 3.62
 The_Donald 1.77","mildlyinteresting 3.01
 Showerthoughts 1.76
 pics 1.75
 pcmasterrace 1.6
 aww 1.53",236,56,323,73,1.347458,1.160714,0.905512,0.454218,many-one
6674,"soccer 2.58
 CasualUK 2.28
 ukpolitics 1.55
 Showerthoughts 1.33
 pics 1.29","todayilearned 2.26
 news 1.6
 gifs 1.35
 movies 1.34
 politics 1.32",131,66,190,98,1.351145,1.181818,0.698129,0.457566,many-many
1368,"mexico 3.0
 tf2 2.13
 WTF 1.87
 me_irl 1.55
 LifeProTips 1.52","pcmasterrace 2.6
 GlobalOffensive 2.43
 Music 1.93
 interestingasfuck 1.66
 BlackPeopleTwitter 1.6",319,122,771,266,2.231975,1.680328,2.190628,1.466938,many-many
19904,"SpaceXMasterrace 6.81
 teslamotors 3.39
 SpaceXLounge 2.79
 KerbalSpaceProgram 2.12
 spacex 1.96","aww 2.78
 movies 2.51
 mildlyinteresting 2.01
 worldnews 1.61
 Showerthoughts 1.57",121,133,460,290,3.438017,1.835821,3.841686,1.51211,one-many
22787,"thetreesnetwork 11.16
 trees 2.83
 wholesomememes 2.03
 CringeAnarchy 1.74
 technology 1.3","Games 3.54
 xboxone 2.66
 LifeProTips 2.36
 me_irl 1.52
 pics 1.36",210,183,1006,706,4.67619,3.661202,5.756148,4.770695,one-many
21658,"MemeEconomy 4.95
 PoliticalHumor 3.47
 dankmemes 3.22
 nfl 2.81
 MURICA 2.73","europe 5.84
 ainbowroad 3.08
 Futurology 1.74
 Jokes 1.68
 MapPorn 1.67",520,258,777,404,1.475,1.515504,1.031872,1.117926,one-one
4577,"ainbowroad 3.05
 EnoughTrumpSpam 2.34
 Showerthoughts 1.62
 politics 1.53
 explainlikeimfive 1.5","theblackvoid 4.66
 The_Donald 2.69
 wholesomememes 1.73
 IAmA 1.64
 Futurology 1.58",354,188,614,308,1.686441,1.430851,1.41241,1.052103,many-one
4261,"hiphopheads 11.08
 streetwear 7.47
 Kanye 6.94
 Sneakers 5.83
 Music 4.82","gaming 3.27
 WTF 2.97
 pics 2.28
 todayilearned 2.07
 funny 2.0",248,49,363,109,1.443548,2.204082,1.02235,2.664809,one-many
19312,"EnoughTrumpSpam 3.98
 science 2.51
 LateStageCapitalism 2.22
 ShitLiberalsSay 2.16
 SandersForPresident 2.05","CringeAnarchy 2.69
 The_Donald 2.39
 ImGoingToHellForThis 2.12
 announcements 2.12
 4chan 2.07",290,204,439,347,1.303448,1.47549,0.662536,0.951978,one-many
7874,"politics 4.19
 movies 1.6
 calvinandhobbes 1.43
 AskReddit 1.42
 videos 1.39","AdviceAnimals 2.29
 gifs 2.01
 funny 1.69
 gaming 1.68
 place 1.37",180,48,660,150,3.516667,1.458333,3.434264,0.934486,one-many
13721,"poland 5.0
 Polska 2.91
 AdviceAnimals 2.27
 hearthstone 2.13
 Jokes 2.0","Austria 7.07
 wien 6.55
 de 5.03
 mildlyinteresting 1.73
 dataisbeautiful 1.52",438,282,1046,687,2.139269,1.904594,2.13607,1.996839,one-many
19905,"AskMen 11.75
 Xenoblade_Chronicles 9.0
 truezelda 6.07
 Breath_of_the_Wild 5.44
 Metroid 3.91","Piracy 4.16
 Bitcoin 3.41
 electronic_cigarette 3.41
 wallstreetbets 3.41
 KerbalSpaceProgram 3.2",2730,909,6535,2050,2.324908,1.879254,3.555051,2.487006,many-many
16323,"MadokaMagica 9.22
 anime_irl 5.54
 anime 4.98
 Overwatch 2.77
 place 1.69","iamverysmart 3.28
 The_Donald 3.23
 videos 2.89
 pcmasterrace 2.38
 movies 1.58",297,93,722,263,2.360269,2.494624,2.409613,2.48273,one-many
11248,"BostonBruins 7.63
 redsox 4.36
 Browns 3.92
 boston 3.62
 Patriots 3.47","AtlantaHawks 14.64
 Atlanta 3.13
 teenagers 2.82
 4chan 2.77
 falcons 2.59",1198,535,2648,1154,2.139399,1.831776,2.947753,2.17327,one-one
620,"baltimore 3.28
 UMD 3.15
 maryland 2.25
 aww 2.04
 technology 1.98","europe 2.17
 sweden 1.96
 gifs 1.88
 Jokes 1.62
 wholesomememes 1.62",362,137,997,354,2.607735,1.810219,2.522987,1.540371,many-many
11416,"Overwatch 3.91
 pcmasterrace 2.74
 The_Donald 1.96
 technology 1.94
 funny 1.64","AdviceAnimals 2.12
 Futurology 1.64
 videos 1.51
 todayilearned 1.34
 WTF 1.3",327,60,524,172,1.533537,2.45,1.092702,2.506159,many-many
16666,"GifRecipes 3.86
 Edmonton 3.69
 Habs 3.02
 EnoughTrumpSpam 2.81
 softwaregore 2.01","Eve 5.91
 tipofmytongue 2.88
 forhonor 2.79
 Roadcam 2.61
 zelda 2.44",1374,704,4992,2854,3.19058,2.466761,3.571311,2.721897,many-one
7165,"zootopia 49.33
 furry_irl 26.31
 NightInTheWoods 11.39
 furry 9.17
 yiff 8.02","SquaredCircle 16.75
 streetwear 8.79
 Destiny 7.76
 IASIP 5.02
 RoastMe 3.26",1148,1300,6875,3925,5.783972,2.565385,8.289325,3.332064,one-one
22950,"unixporn 8.99
 linuxquestions 3.3
 linuxmasterrace 3.19
 linux 2.92
 ProgrammerHumor 2.55","movies 2.02
 Amd 1.99
 mildlyinteresting 1.97
 aww 1.88
 funny 1.72",253,98,503,215,1.885375,1.765306,1.580108,1.867012,one-many
17301,"asktransgender 36.57
 MtF 21.33
 ainbow 13.88
 TransFlagPlace 10.76
 Kanye 3.95","theblackvoid 22.12
 The_Donald 6.3
 Games 2.88
 videos 2.82
 gaming 2.32",299,241,784,471,2.585284,1.879668,2.425185,1.777581,one-one
2743,"nvidia 4.02
 hardwareswap 3.4
 PUBATTLEGROUNDS 3.21
 RandomActsOfGaming 3.1
 GamePhysics 3.1","hiphopheads 3.65
 PS4 3.39
 SandersForPresident 2.69
 worldbuilding 2.67
 ComedyCemetery 2.62",1556,759,3022,1309,1.883033,1.598155,2.087838,1.471037,many-many
4208,"Edinburgh 11.85
 glasgow 8.83
 ScottishFootball 5.24
 ScottishPeopleTwitter 4.62
 Scotland 3.37","2007scape 4.24
 4chan 2.7
 NintendoSwitch 2.39
 hearthstone 2.04
 Android 2.0",646,454,1307,781,1.893189,1.301099,1.748786,1.136555,many-one
3158,"starcitizen 10.19
 hardwareswap 3.94
 RandomActsOfGaming 3.87
 tf2 3.66
 jailbreak 3.66","SubredditDrama 4.02
 PS4 3.72
 cringe 3.21
 EnoughTrumpSpam 2.28
 comics 2.24",809,318,1968,698,2.365884,1.977987,2.618678,2.140392,one-many
5445,"BritishSuccess 5.35
 battlestations 3.62
 AskUK 3.23
 reactiongifs 3.05
 apple 2.76","argentina 49.72
 shittyaskscience 2.91
 startrek 2.91
 ireland 2.61
 MarchAgainstTrump 2.57",1954,699,4355,1576,2.127431,1.695157,2.235298,2.281089,one-one
19648,"OpTicGaming 5.83
 FACEITcom 5.11
 csmapmakers 4.66
 ClassicOffensive 3.86
 randomactsofcsgo 3.33","Eve 6.02
 unitedkingdom 5.27
 EdmontonOilers 4.52
 LateStageCapitalism 4.02
 holdmybeer 3.44",3031,1688,6151,3281,1.952491,1.657194,2.642517,2.025082,many-many
8680,"vancouver 5.1
 youtubehaiku 3.39
 OutOfTheLoop 2.9
 Documentaries 2.78
 starterpacks 2.78","conspiracy 2.35
 NatureIsFuckingLit 2.24
 SubredditDrama 1.94
 tipofmytongue 1.94
 The_Donald 1.88",979,230,1658,454,1.628192,1.469565,1.149971,1.144528,one-many
10190,"FULLCOMMUNISM 16.47
 COMPLETEANARCHY 14.58
 Anarchism 9.63
 LateStageCapitalism 2.66
 socialism 2.57","The_Donald 12.64
 mildlyinteresting 3.24
 gifs 2.68
 pics 1.84
 todayilearned 1.64",131,47,213,95,1.587786,1.851064,0.889894,2.072913,many-one
18595,"transgender 60.59
 transpassing 58.09
 asktransgender 52.12
 TransyTalk 44.77
 traaaaaaannnnnnnnnns 43.02","dbz 6.96
 Battlefield 4.84
 guns 3.51
 The_Donald 3.48
 Bitcoin 3.11",2225,1879,9578,5444,4.089726,2.657447,5.357144,3.456523,many-one
18950,"france 8.46
 europe 3.19
 place 1.81
 leagueoflegends 1.43
 aww 1.37","movies 2.62
 me_irl 2.0
 television 1.83
 Showerthoughts 1.63
 videos 1.55",411,93,622,131,1.50365,1.354839,1.011785,1.411513,one-many
7773,"PuzzleAndDragons 3.35
 place 2.58
 masseffect 1.79
 worldnews 1.1
 funny 1.08","pcmasterrace 2.24
 gifs 2.16
 todayilearned 1.57
 Overwatch 1.44
 movies 1.34",202,39,358,59,1.747525,1.025641,1.21485,0.158062,many-many
13195,"Futurology 2.4
 Music 2.32
 Parahumans 2.29
 Cricket 2.18
 straya 1.76","GlobalOffensive 3.88
 aww 1.93
 brisbane 1.9
 leagueoflegends 1.64
 CringeAnarchy 1.57",476,194,1216,526,2.367647,1.448454,2.289298,1.231009,many-one
8557,"smashbros 3.7
 leagueoflegends 3.62
 anime 2.34
 oddlysatisfying 2.31
 BlackPeopleTwitter 1.91","rickandmorty 2.96
 ImGoingToHellForThis 2.73
 Unexpected 1.95
 CrappyDesign 1.89
 facepalm 1.89",764,230,1509,463,1.870588,1.421739,2.061216,0.937368,many-many
22535,"xboxone 4.51
 DestinyTheGame 4.05
 Fireteams 2.48
 place 1.39
 todayilearned 1.15","Showerthoughts 2.67
 me_irl 2.31
 funny 1.75
 pics 1.7
 AskReddit 1.55",143,48,213,73,1.412587,1.166667,0.778457,0.424918,many-many
6889,"Overwatch 2.76
 leagueoflegends 1.85
 IAmA 1.81
 videos 1.57
 me_irl 1.44","The_Donald 2.52
 funny 1.98
 technology 1.6
 politics 1.4
 movies 1.4",351,163,526,256,1.393162,1.300613,1.186034,1.080417,one-many
2888,"AskEurope 4.59
 LateStageCapitalism 3.44
 ShitAmericansSay 3.16
 the_schulz 2.91
 de 2.32","The_Donald 4.22
 nfl 2.41
 nba 2.3
 ukpolitics 2.12
 sports 2.0",811,415,1441,910,1.565968,1.795181,1.143912,1.937325,many-one
6697,"Habs 4.56
 pcmasterrace 3.11
 canada 1.46
 news 1.38
 place 1.16","BostonBruins 5.76
 leafs 3.94
 xboxone 1.99
 sports 1.69
 movies 1.33",196,134,558,337,2.598985,1.955556,2.689819,1.800686,one-one
17408,"placehearts 6.4
 politics 1.58
 news 1.4
 worldnews 1.36
 IAmA 1.22","me_irl 2.28
 Showerthoughts 1.33
 pcmasterrace 1.28
 movies 1.27
 place 1.22",167,133,507,297,2.928144,2.015038,4.349367,2.569295,one-one
3154,"Bitcoin 4.73
 btc 3.56
 BitcoinMarkets 3.18
 AskReddit 0.98
 funny 0.93","france 8.88
 technology 2.49
 todayilearned 2.47
 worldnews 1.88
 gaming 1.79",180,101,423,231,2.061111,1.712871,1.616457,1.430479,many-one
10852,"BitcoinMarkets 8.29
 Bitcoin 4.44
 btc 4.27
 ethereum 2.11
 politics 1.08","france 5.04
 WTF 3.02
 Overwatch 2.79
 explainlikeimfive 2.41
 pcmasterrace 2.28",314,172,862,423,2.598726,1.988439,2.12465,1.789463,one-one
12730,"forhonor 3.66
 hearthstone 2.0
 youtubehaiku 1.82
 pcmasterrace 1.59
 The_Donald 1.44","wow 2.69
 mildlyinteresting 2.1
 GlobalOffensive 1.93
 aww 1.8
 leagueoflegends 1.75",439,253,1027,657,1.938776,1.620553,2.022183,1.2313,one-many
20424,"smashbros 2.98
 SSBM 2.2
 me_irl 1.78
 pcmasterrace 1.26
 videos 0.97","leagueoflegends 2.52
 NintendoSwitch 2.35
 todayilearned 2.08
 gaming 1.98
 Overwatch 1.66",276,44,370,81,1.311594,1.590909,0.574844,2.003612,many-many
8674,"StardustCrusaders 2.98
 fountainpens 2.56
 harrypotter 2.54
 MorbidReality 2.39
 Guitar 2.25","horizon 2.69
 FULLCOMMUNISM 2.52
 techsupportgore 2.38
 uncensorednews 2.33
 Justrolledintotheshop 2.27",2052,2345,4282,4477,1.797278,1.496596,2.588113,1.752502,many-many
2916,"placehearts 10.03
 AskOuija 2.29
 wholesomememes 2.27
 Unexpected 2.15
 ProgrammerHumor 1.83","rickandmorty 2.39
 trees 2.39
 Games 2.0
 pokemon 1.87
 TumblrInAction 1.72",592,275,1311,541,2.153716,1.894545,2.83231,2.20408,one-many
8796,"BlackPeopleTwitter 4.09
 leagueoflegends 2.85
 StarWars 2.85
 Games 2.81
 funhaus 2.77","funny 2.35
 CringeAnarchy 2.31
 Showerthoughts 2.12
 television 1.88
 worldnews 1.84",532,109,867,223,1.584586,1.697248,1.181939,1.799616,one-many
1528,"france 3.55
 mildlyinteresting 2.38
 pics 1.66
 europe 1.48
 videos 1.42","gaming 2.79
 AskReddit 1.64
 funny 1.61
 WTF 1.56
 news 1.35",269,94,333,110,1.208178,1.06383,0.546506,0.244449,one-one
11648,"boardgames 4.42
 relationships 3.72
 startrek 3.72
 UBC 3.26
 canucks 3.14","motorcycles 3.23
 Battlefield 3.13
 patientgamers 2.92
 fo4 2.58
 memes 2.54",2741,1194,8323,4709,2.674664,2.751041,3.206672,3.261636,many-many
3594,"pakistan 3.13
 place 1.61
 worldnews 1.59
 Cricket 1.52
 politics 1.28","gaming 2.24
 Showerthoughts 2.13
 AdviceAnimals 2.03
 WTF 1.8
 gifs 1.8",141,143,478,430,2.730496,2.216783,2.249915,2.216088,one-many
6436,"BlueCorner 4.26
 TheBlueCorner 3.51
 The_Gaben 3.12
 im14andthisisdeep 3.11
 therewasanattempt 3.06","Destiny 267.33
 Ice_Poseidon 20.72
 Twitch 9.35
 LivestreamFail 9.3
 KotakuInAction 4.56",1624,1452,6386,4637,3.722699,2.471438,5.133115,3.845078,many-one
781,"warriors 4.36
 news 1.46
 politics 1.34
 nba 1.27
 funny 1.02","todayilearned 2.27
 worldnews 2.13
 place 1.7
 pics 1.43
 nfl 1.36",168,84,364,167,2.125,1.785714,1.943204,1.799943,one-many
11654,"darksouls 14.73
 DarkSouls2 7.84
 darksouls3 4.42
 forhonor 2.88
 leagueoflegends 1.73","Music 2.52
 aww 1.79
 IAmA 1.67
 worldnews 1.55
 movies 1.45",295,96,511,157,1.684746,1.395833,1.497661,1.194424,one-many
2574,"japan 7.18
 anime 3.25
 news 2.26
 worldnews 1.32
 videos 1.27","korea 4.77
 leagueoflegends 1.78
 The_Donald 1.78
 pcmasterrace 1.51
 place 1.5",188,129,482,310,2.37766,1.906977,2.734907,1.840298,one-one
17767,"ripcity 5.29
 Portland 2.87
 place 2.01
 news 1.67
 mildlyinteresting 1.58","Showerthoughts 2.27
 movies 1.8
 nfl 1.67
 AskReddit 1.66
 gaming 1.54",185,117,594,233,3.102703,1.752137,3.323177,1.232786,one-many
156,"Wellington 6.85
 newzealand 4.09
 chch 2.59
 pathofexile 2.1
 Amd 2.04","CringeAnarchy 2.83
 starterpacks 2.76
 wow 2.76
 facepalm 2.23
 Futurology 2.23",653,380,1656,815,2.370992,1.589474,2.576716,1.998656,one-many
10799,"GlobalOffensive 3.46
 Jokes 2.3
 Showerthoughts 2.12
 pcmasterrace 1.84
 Overwatch 1.68","interestingasfuck 2.93
 LifeProTips 2.47
 technology 2.03
 explainlikeimfive 1.9
 dataisbeautiful 1.67",415,87,644,201,1.525301,2.103448,1.318528,2.294594,one-many
20974,"CalgaryFlames 6.23
 Calgary 6.17
 alberta 3.71
 EnoughTrumpSpam 2.02
 place 2.02","canucks 9.78
 vancouver 9.16
 OttawaSenators 4.62
 leafs 4.13
 hiphopheads 2.37",619,380,2744,1334,4.321486,2.844737,5.507965,4.241971,many-many