conflictID,BaseCommunity,AttackCommunity,BaseUsers,AttackUsers,NumberOfBase PP,NumberOfAttack PP,NumberofBaseWithoutUnsure PP,NumberofAttackWithoutUnsure,MeanofBase PP,MeanofAttack PP,STDofBase PP,STDofAttack PP,Type Of Conflict
6953,"promos	2.62
shittyfoodporn	1.86
wallstreetbets	1.83
The_Donald	1.72
CFB	1.72
","Tinder	2.78
buildapc	2.34
StarWars	2.24
reactiongifs	2.24
Steam	1.88
",494,486,2071,2079,1524,1524,3.0663983903420524,3.1293634496919918,3.005296750336466,2.762632030226627,many-many 
21519,"Argaming	27.77
argentina	7.97
Mercadoreddit	7.78
Argentinacirclejerk	5.77
Minecraft	2.8
","The_Donald	3.16
nfl	3.04
buildapc	2.78
personalfinance	2.78
tifu	2.28
",1154,445,3161,992,3087,822,2.672727272727273,1.847191011235955,3.221718896577347,1.9369900133530151,one-many 
4546,"Steam	6.04
pcmasterrace	4.68
pcgaming	3.15
buildapc	2.65
me_irl	1.81
","xboxone	2.52
WTF	2.23
news	1.99
Games	1.88
television	1.61
",240,68,377,130,363,114,1.5125,1.6764705882352942,1.1029553103669552,1.3332972890168395,many-many 
3251,"youtube	4.65
Rainmeter	3.31
TheSilphRoad	3.21
talesfromtechsupport	2.44
photography	1.98
","BikiniBottomTwitter	5.46
gatekeeping	3.28
pussypassdenied	2.74
niceguys	2.55
IASIP	2.48
",2534,1689,7266,5189,5851,3307,2.297212406753043,1.9384525205158265,2.647161454173747,2.1306309456693118,many-one 
2734,"Undertale	2.74
place	1.41
funny	1.16
AskReddit	1.09
Overwatch	1.09
","mildlyinteresting	2.05
Showerthoughts	1.62
worldnews	1.53
videos	1.4
gaming	1.14
",117,95,205,146,194,133,1.6581196581196582,1.4,1.6127822387986852,1.2260333987036576,one-many 
8381,"CalgaryFlames	12.26
food	2.02
sports	1.93
tifu	1.82
books	1.74
","4chan	2.45
MemeEconomy	2.36
dankmemes	2.1
CringeAnarchy	1.91
Tinder	1.88
",455,321,744,479,716,446,1.5736263736263736,1.3894080996884735,1.7785557274901311,1.238434329041603,one-many 
17302,"CitiesSkylines	7.43
Stellaris	3.51
DataHoarder	2.97
oculus	2.89
androidapps	2.64
","HailCorporate	3.44
HumansBeingBros	3.1
malefashionadvice	2.77
gameofthrones	2.25
hockey	2.23
",1818,1409,7115,4874,6253,3057,3.424424972617744,2.1604240282685514,4.752820725063166,2.8797555532281622,one-many 
12893,"masseffect	3.95
xboxone	1.4
funny	1.35
AskReddit	1.07
pics	1.02
","gifs	2.4
videos	1.79
politics	1.54
todayilearned	1.49
worldnews	1.45
",202,46,300,90,289,68,1.4306930693069306,1.4782608695652173,0.9161091394034339,1.26386450902162,one-many 
21872,"leagueoflegends	4.33
NintendoSwitch	3.23
sports	3.1
Futurology	2.96
IAmA	2.77
","LifeProTips	2.15
pcmasterrace	1.85
OldSchoolCool	1.79
interestingasfuck	1.77
Overwatch	1.67
",511,75,768,126,740,84,1.4481409001956946,1.12,0.7692420518631123,0.32496153618543844,many-many 
4831,"Suomi	7.42
Finland	6.88
2007scape	2.35
news	1.64
Games	1.56
","The_Donald	2.03
LifeProTips	1.93
movies	1.92
OldSchoolCool	1.78
pcmasterrace	1.71
",565,119,873,187,869,179,1.5380530973451327,1.504201680672269,1.2383487852761157,1.6995993080912932,many-many 
16835,"de	11.49
france	2.03
IAmA	1.85
dataisbeautiful	1.76
television	1.62
","OldSchoolCool	2.18
The_Donald	2.09
aww	2.05
leagueoflegends	1.78
mildlyinteresting	1.66
",276,105,436,195,404,162,1.463768115942029,1.542857142857143,0.9453120050065448,1.0781692722350404,one-many 
8030,"roosterteeth	2.26
Showerthoughts	1.84
xboxone	1.71
place	1.59
Overwatch	1.55
","funhaus	2.69
movies	2.21
nfl	1.88
politics	1.75
technology	1.71
",376,181,955,405,896,274,2.382978723404255,1.5138121546961325,2.5603622706550953,1.144806841805915,many-many 
6699,"theblackvoid	3.61
BlackPeopleTwitter	3.23
Tinder	2.69
forhonor	2.69
hearthstone	2.55
","bindingofisaac	3.79
TumblrInAction	1.89
Games	1.88
politics	1.86
interestingasfuck	1.74
",555,155,905,279,896,276,1.6144144144144144,1.7806451612903227,1.2688113787112645,2.0296860324243555,many-one 
11089,"svenskpolitik	4.4
books	2.28
iamverysmart	2.16
woahdude	2.16
forhonor	1.9
","Denmark	2.13
movies	2.1
xboxone	2.08
soccer	1.87
Rainbow6	1.83
",758,485,1752,1370,1536,1037,2.015748031496063,2.138144329896907,2.1209525368442343,2.8385215877127217,one-many 
22117,"CasualConversation	2.94
brasil	2.88
MapPorn	2.83
civ	2.76
OutOfTheLoop	2.42
","argentina	3.56
trees	2.78
food	2.47
NintendoSwitch	2.43
forhonor	2.18
",1023,737,2452,1522,2234,1080,2.181640625,1.4634146341463414,2.3902092865164777,1.3043143933694097,many-many 
4475,"Cricket	3.73
Parahumans	3.45
AFL	3.07
brisbane	2.98
straya	2.85
","nfl	2.71
facepalm	2.28
AskOuija	2.22
Android	2.21
4chan	2.17
",941,203,1669,426,1614,349,1.7151965993623803,1.7192118226600985,1.6441286671044977,1.9157052154161247,many-many 
19848,"belgium	3.86
europe	2.36
soccer	2.35
nottheonion	1.93
dankmemes	1.43
","Jokes	2.53
Overwatch	1.93
youtubehaiku	1.92
LifeProTips	1.92
theblackvoid	1.89
",432,395,1200,913,1032,710,2.388888888888889,1.7974683544303798,2.8007384387816607,1.6986945608389623,one-many 
12397,"Judaism	6.91
Israel	5.95
nba	2.19
hearthstone	2.15
polandball	2.06
","socialism	6.66
soccer	3.0
books	2.81
GlobalOffensive	2.66
arabs	2.4
",503,444,1444,1127,1299,922,2.5825049701789267,2.0765765765765765,2.62512938003134,2.168258110817764,many-one 
3772,"GreenLattice	7.18
Overwatch	1.89
pcmasterrace	1.79
aww	1.45
mildlyinteresting	1.24
","The_Donald	2.61
gaming	1.9
politics	1.46
explainlikeimfive	1.42
interestingasfuck	1.38
",268,123,543,252,521,208,1.9440298507462686,1.6910569105691058,1.5977601483471309,1.7161598334645167,one-many 
21758,"anime	7.23
ainbowroad	6.29
pokemongo	4.03
StarWars	2.63
pokemon	2.62
","trees	2.53
nfl	2.44
BlackPeopleTwitter	1.82
hearthstone	1.76
canada	1.59
",607,196,1163,380,1145,322,1.886326194398682,1.6428571428571428,1.9739474944209274,1.7684883433057068,many-many 
9556,"arabs	9.45
FULLCOMMUNISM	2.58
place	1.81
movies	1.32
politics	1.25
","Israel	8.03
todayilearned	1.35
worldnews	1.28
news	1.24
AskReddit	1.01
",106,50,278,142,266,96,2.509433962264151,1.92,2.5633309808405804,1.6951696080333671,one-one 
9060,"spacex	28.16
SpaceXLounge	11.67
teslamotors	8.29
apple	4.24
Amd	3.52
","uwaterloo	11.04
BlackPeopleTwitter	3.59
OldSchoolCool	2.64
me_irl	2.19
television	1.79
",418,215,930,434,906,401,2.1674641148325358,1.8651162790697675,2.235146352080649,1.7954572807349927,one-one 
12337,"linux	8.09
sweden	3.47
NatureIsFuckingLit	2.55
meirl	2.47
2007scape	2.44
","greece	5.34
Steam	2.36
thatHappened	2.36
armenia	2.29
AskEurope	1.93
",1262,625,3183,1877,2771,1248,2.188783570300158,1.9904306220095693,2.1726216730486785,1.957255582656645,one-one 
8057,"traaaaaaannnnnnnnnns	60.66
asktransgender	60.66
TransFlagPlace	22.29
lgbt	20.27
explainlikeimfive	2.88
","theblackvoid	12.14
The_Donald	6.24
4chan	4.25
xboxone	4.1
WTF	3.38
",262,261,752,608,745,590,2.8435114503816794,2.260536398467433,2.874329639380822,2.1229303871657637,many-one 
22040,"europe	11.82
portugal	5.09
soccer	1.95
pics	0.75
worldnews	0.72
","gaming	2.98
videos	2.48
AskReddit	2.16
place	1.84
funny	1.79
",218,66,337,116,325,103,1.4908256880733946,1.5606060606060606,0.9541835728602068,1.2568453519630598,one-many 
8646,"smashbros	2.15
me_irl	2.04
pics	1.64
Overwatch	1.2
place	0.94
","Games	2.39
AskReddit	2.34
Showerthoughts	2.13
gaming	1.91
videos	1.32
",306,36,492,61,486,55,1.588235294117647,1.5277777777777777,1.2101391469968215,1.1422713997195606,many-many 
18236,"AskWomen	4.78
MakeupAddiction	3.74
GreenLattice	3.03
fireemblem	2.87
engineering	2.85
","Twitch	3.05
discordapp	2.61
unitedkingdom	2.3
Drama	2.28
shitpost	2.28
",2401,2802,5299,5454,4513,4427,1.8718374118622978,1.5760056959772162,3.004034185129622,1.8931988205850063,many-many 
13976,"bindingofisaac	2.18
politics	1.35
Overwatch	1.27
place	1.21
movies	1.01
","pokemon	2.03
me_irl	1.68
mildlyinteresting	1.42
funny	1.42
leagueoflegends	1.34
",300,115,520,197,500,169,1.6666666666666667,1.4695652173913043,1.4794894014114766,1.0576572892004603,one-many 
4852,"Suomi	7.97
GlobalOffensive	2.08
europe	1.85
funny	1.09
gaming	1.06
","gifs	2.06
place	1.63
leagueoflegends	1.57
todayilearned	1.52
mildlyinteresting	1.38
",214,71,250,79,249,79,1.1635514018691588,1.1126760563380282,0.4798544412017309,0.3161963988823049,one-many 
12121,"DnD	4.99
Tinder	2.6
Jokes	2.53
youtubehaiku	2.39
skyrim	2.11
","nfl	2.95
personalfinance	2.33
EnoughTrumpSpam	1.91
UpliftingNews	1.9
NintendoSwitch	1.83
",774,163,1440,408,1374,261,1.7751937984496124,1.6012269938650308,1.7560834538281733,1.2009192659971404,one-many 
16568,"CKCrusaders	8.37
Stellaris	3.29
paradoxplaza	3.12
CitiesSkylines	3.05
RimWorld	2.33
","tf2	2.96
trees	2.54
buildapc	2.4
ImGoingToHellForThis	2.23
Android	2.1
",673,818,2250,1424,2080,1100,3.086053412462908,1.3447432762836187,3.223386561205952,0.8974171005894316,one-many 
11123,"theblackvoid	2.81
gaming	1.61
politics	1.46
videos	1.37
AskReddit	1.29
","de	5.2
europe	2.53
worldnews	1.03
gifs	1.0
todayilearned	0.96
",146,101,282,270,218,222,1.4931506849315068,2.176470588235294,1.054972409835077,1.5929487067913646,one-one 
15093,"GlobalOffensive	6.8
interestingasfuck	2.56
leagueoflegends	2.22
WTF	2.01
hearthstone	1.77
","dankmemes	2.92
nfl	2.76
MemeEconomy	1.72
place	1.7
BlackPeopleTwitter	1.6
",616,152,1032,305,971,236,1.5762987012987013,1.5526315789473684,1.4674022683882701,1.2073757628373119,one-many 
3028,"skyrim	6.46
wow	5.38
pcgaming	3.09
hearthstone	2.69
pokemongo	2.55
","mildlyinfuriating	2.92
reactiongifs	2.34
interestingasfuck	2.09
woahdude	2.08
halo	2.01
",1166,251,3227,952,3045,423,2.6070205479452055,1.6719367588932805,2.8023691101842325,1.6439742059036244,many-many 
14448,"croatia	5.56
me_irl	1.76
The_Donald	1.76
soccer	1.66
leagueoflegends	1.45
","thenetherlands	30.9
serbia	6.31
funny	2.38
mildlyinteresting	1.86
pics	1.66
",271,191,868,546,844,507,3.114391143911439,2.654450261780105,3.7305232830110606,3.1199356595573273,one-one 
11647,"vegetarian	20.64
vegan	8.12
atheism	3.51
Futurology	1.86
news	1.72
","gaming	2.27
pcmasterrace	2.11
youtubehaiku	1.97
me_irl	1.97
movies	1.8
",293,244,1025,562,981,488,3.348122866894198,2.0,3.687675011211901,2.627097132628007,one-many 
2053,"nottheonion	3.09
space	2.72
ImGoingToHellForThis	2.67
Android	1.96
wholesomememes	1.85
","GlobalOffensive	2.17
anime	1.94
NintendoSwitch	1.6
BlackPeopleTwitter	1.54
PlaceNL	1.46
",728,212,2149,902,1877,403,2.5782967032967035,1.892018779342723,1.860350126531518,1.3983834260388337,many-many 
17211,"furry_irl	5.67
furry	5.45
Overwatch	2.01
politics	1.77
aww	1.49
","dankmemes	2.14
television	1.82
NintendoSwitch	1.65
space	1.54
LifeProTips	1.48
",222,153,510,360,459,307,2.0675675675675675,2.0065359477124183,1.984156260291624,2.155693880150174,many-many 
5704,"TumblrInAction	3.91
AskUK	2.39
pcgaming	2.16
CasualUK	2.16
The_Donald	1.83
","leagueoflegends	2.69
nottheonion	1.88
GlobalOffensive	1.72
politics	1.6
Futurology	1.59
",479,215,917,599,882,574,1.8413361169102296,2.6697674418604653,2.0947999764428995,6.094432643670967,one-one 
89,"maryland	8.5
RocketLeague	6.66
svenskpolitik	4.64
eu4	4.16
SwedenOnPlace	4.0
","space	2.8
conspiracy	2.66
nfl	2.66
PoliticalHumor	2.35
Jokes	2.29
",1474,291,2957,610,2858,419,1.9389416553595658,1.4398625429553265,1.5602996852713185,1.16609842985739,many-many 
3353,"italy	13.91
britishproblems	2.72
funny	1.78
mildlyinteresting	1.32
pcmasterrace	1.26
","Showerthoughts	2.38
aww	2.06
IAmA	1.81
gaming	1.63
pics	1.47
",249,68,395,138,372,114,1.4939759036144578,1.6764705882352942,1.014435890594468,1.355177180412738,one-many 
23,"skyrim	7.17
pcgaming	3.87
pokemongo	3.15
wow	3.15
hearthstone	3.01
","mildlyinfuriating	2.46
reactiongifs	2.42
halo	2.34
woahdude	2.11
Whatcouldgowrong	1.89
",1229,297,3546,1134,3302,488,2.6845528455284553,1.6375838926174497,2.927526565536647,1.5444847323944684,one-many 
7081,"saplings	8.36
Drugs	4.85
trees	4.61
LSD	3.08
fo4	2.64
","tipofmytongue	3.12
baseball	2.79
youtubehaiku	2.75
Amd	2.49
OutOfTheLoop	2.29
",1061,473,2221,892,2160,819,2.0358152686145146,1.7278481012658229,2.713570987123948,2.028225100203513,one-many 
3292,"BABYMETAL	17.82
SakuraGakuin	14.01
kpop	6.41
anime_irl	3.74
anime	3.0
","nba	3.2
science	2.85
nfl	2.56
GlobalOffensive	2.38
woahdude	2.21
",740,434,2457,785,2429,721,3.2824324324324325,1.6612903225806452,3.9349390636481036,2.016755662987478,many-many 
9127,"AnnArbor	10.24
uofm	9.92
Suomi	6.7
GooglePixel	3.79
Purdue	3.73
","msu	6.62
OhioStateFootball	5.62
clevelandcavs	5.2
Ohio	4.5
Browns	3.85
",2446,1878,15119,7947,13849,5978,5.636548636548636,3.1663135593220337,9.017877552984283,4.445871343547344,many-many 
3787,"reactiongifs	3.59
announcements	3.33
starterpacks	3.33
Music	3.08
HighQualityGifs	3.07
","books	3.01
ainbowroad	2.75
iamverysmart	1.79
dataisbeautiful	1.68
Jokes	1.58
",748,108,1789,341,1724,131,2.304812834224599,1.212962962962963,1.9404581691305387,0.5619233822481022,many-many 
20521,"ParahumansPlace	9.2
Parahumans	9.09
straya	1.81
australia	1.24
todayilearned	1.12
","The_Donald	3.35
WTF	1.82
funny	1.47
melbourne	1.45
movies	1.45
",231,84,394,166,380,152,1.645021645021645,1.8095238095238095,1.3206514444117081,1.8611068805583624,many-one 
10278,"EraseThePlace	8.13
ainbowroad	1.98
television	1.79
The_Donald	1.79
place	1.65
","GlobalOffensive	2.48
Jokes	1.86
WTF	1.74
mildlyinteresting	1.58
funny	1.57
",207,258,864,469,833,370,4.024154589371981,1.434108527131783,4.822891883613986,1.2441800091621011,one-many 
14434,"ShitLiberalsSay	3.06
COMPLETEANARCHY	2.62
TheFarLeftSide	2.55
Anarchism	2.44
EnoughTrumpSpam	2.14
","Anarcho_Capitalism	4.78
The_Donald	2.86
mildlyinteresting	2.69
WTF	2.56
funny	2.15
",196,148,373,255,355,230,1.8112244897959184,1.554054054054054,1.5186179708672838,1.5035264123898304,many-one 
16118,"Competitiveoverwatch	10.1
Stellaris	9.64
OverwatchUniversity	4.13
apple	3.44
sex	3.21
","onguardforthee	3.28
metacanada	2.95
thatHappened	2.78
cringe	2.59
canadaguns	2.4
",1986,855,4403,2176,4055,1557,2.0407649723200807,1.8189252336448598,2.0689788292036826,1.7900730325044596,many-many 
8824,"leagueoflegends	2.18
BlackPeopleTwitter	1.96
worldnews	1.72
masseffect	1.67
Games	1.64
","AdviceAnimals	2.18
me_irl	2.13
Music	1.97
buildapc	1.86
WTF	1.75
",495,93,794,201,769,146,1.5535353535353535,1.553191489361702,1.1723509257873992,1.3808494246457832,many-many 
18857,"MURICA	5.99
nba	5.66
AFIP	4.23
CFB	4.07
PoliticalDiscussion	4.06
","theblackvoid	5.45
australia	5.28
soccer	2.96
Bitcoin	2.96
hmmm	2.69
",1299,499,2361,922,2300,839,1.7705927636643572,1.6813627254509018,1.7590930906563917,1.6340175560379597,many-many 
21936,"television	2.8
tifu	1.77
movies	1.71
explainlikeimfive	1.66
Showerthoughts	1.55
","bulgaria	3.9
europe	2.98
WTF	1.92
aww	1.64
videos	1.51
",401,100,612,198,598,169,1.4912718204488777,1.69,1.3912977233652488,1.487918008493748,one-many 
13008,"vegan	18.39
LateStageCapitalism	4.63
EnoughTrumpSpam	3.14
NoStupidQuestions	2.1
science	2.05
","food	3.55
4chan	3.02
xboxone	2.83
OutOfTheLoop	2.75
Overwatch	2.71
",463,541,2268,1334,2214,1245,4.781857451403888,2.301293900184843,5.769692095237697,3.087117437746091,one-many 
11720,"SwissNeutralityZone	12.05
Switzerland	9.24
EarthPorn	5.31
europe	2.02
StarWars	1.83
","leagueoflegends	2.54
The_Donald	2.09
dankmemes	1.91
television	1.55
books	1.46
",365,221,887,439,876,410,2.4,1.8552036199095023,3.10086156829895,2.8692207432456396,many-many 
9294,"me_irl	2.61
Overwatch	2.24
Cricket	2.0
politics	1.86
india	1.56
","television	2.03
gaming	1.68
Showerthoughts	1.6
mildlyinteresting	1.45
news	1.38
",286,85,1292,577,1215,136,4.189655172413793,1.5813953488372092,3.9051552865575547,1.0616476474896117,many-many 
15283,"guessthedotahero	6.41
RimWorld	6.41
Rainbow6	4.17
starcitizen	3.64
DotA2	3.5
","summonerschool	15.74
leagueoflegends	3.85
streetwear	3.83
pokemongo	2.85
pokemon	2.28
",1719,499,3565,1166,3475,955,2.02152414194299,1.9138276553106213,2.6271287505984784,2.741097665384995,many-one 
10753,"paradoxplaza	9.0
eu4	5.24
leagueoflegends	4.49
CrusaderKings	4.21
Stellaris	3.19
","television	2.47
LateStageCapitalism	2.4
politics	2.15
videos	2.05
WTF	2.02
",422,106,773,258,750,206,1.7772511848341233,1.9433962264150944,1.7052064206148707,1.902481937430658,one-many 
14822,"transgendercirclejerk	37.42
actuallesbians	31.36
transpositive	26.52
asktransgender	17.79
traaaaaaannnnnnnnnns	17.71
","The_Donald	5.7
theblackvoid	4.53
wallstreetbets	4.45
MMA	4.05
RoastMe	3.98
",1641,1020,4777,1839,4754,1793,2.8970140158439976,1.757843137254902,4.189566228746892,2.6853245422039222,many-many 
10042,"weekendgunnit	24.25
WhereIsAssange	6.86
TheRedPill	5.88
Physical_Removal	5.7
CCW	4.65
","circlebroke2	4.63
AgainstHateSubreddits	3.68
FULLCOMMUNISM	3.45
mexico	3.41
RoomPorn	3.27
",4017,2801,15247,10125,13937,8314,3.467778054242349,2.9618810117563235,7.043966309756486,4.814437720999509,one-many 
13716,"mylittlepony	17.18
MLPLounge	13.59
wholesomememes	1.81
tf2	1.8
science	1.61
","The_Donald	3.61
CringeAnarchy	2.69
me_irl	2.52
xboxone	2.14
StarWars	1.99
",432,256,1038,515,1001,472,2.3171296296296298,1.84375,2.212942381354779,1.560936717967772,many-many 
3387,"ockytop	3.85
Iceland	3.44
NHLStreams	2.8
pcgaming	2.71
norge	2.65
","DetroitRedWings	5.0
formula1	4.74
Habs	4.04
OttawaSenators	2.79
h3h3productions	2.67
",1070,618,3355,1859,2995,1194,2.7731481481481484,1.922705314009662,2.934062613935935,1.9627324339303194,many-many 
6917,"interestingasfuck	3.74
SubredditDrama	3.49
AskOuija	3.37
xboxone	3.32
reactiongifs	2.99
","DnD	4.38
anime	2.7
OutOfTheLoop	2.32
rickandmorty	2.29
Games	2.17
",828,115,1545,270,1467,133,1.7717391304347827,1.1565217391304348,1.1377676972533775,0.4291813105827154,many-one 
18154,"todayilearned	2.05
gifs	1.82
videos	1.8
worldnews	1.59
gaming	1.49
","furry	5.16
AskReddit	1.36
news	1.11
place	1.11
politics	0.79
",64,74,225,177,188,139,2.9375,1.8783783783783783,2.6743866119168334,1.4699945091155282,many-one 
12355,"touhou	30.39
anime_irl	4.87
anime	3.51
place	1.99
Overwatch	1.46
","The_Donald	2.8
gifs	2.52
IAmA	2.43
Showerthoughts	2.31
politics	2.31
",388,156,733,243,726,210,1.8711340206185567,1.3461538461538463,1.5953837248327294,1.2641701755466377,one-many 
13933,"Games	2.3
television	1.67
AdviceAnimals	1.61
place	1.39
space	1.35
","Music	2.37
BlackPeopleTwitter	2.27
nottheonion	1.86
Overwatch	1.55
pcmasterrace	1.47
",321,247,601,445,545,362,1.6978193146417446,1.4596774193548387,1.8441525618567043,1.5392666537756217,many-many 
16350,"NintendoSwitch	2.92
xboxone	2.78
WTF	2.46
dankmemes	2.34
pokemon	2.34
","ainbowroad	2.46
tifu	2.09
CringeAnarchy	1.95
oddlysatisfying	1.95
youtubehaiku	1.83
",450,217,900,575,745,453,1.6555555555555554,2.087557603686636,1.5126217938923214,1.7693452218159467,many-many 
19408,"The_Donald	8.35
uncensorednews	2.24
4chan	1.89
tifu	1.79
television	1.65
","SwedenOnPlace	5.19
sweden	3.71
europe	2.18
svenskpolitik	2.07
Games	1.92
",410,262,2690,952,2545,595,6.192214111922141,2.2709923664122136,8.90963215959912,3.821274088105991,one-many 
22033,"italy	6.23
Calgary	5.66
CalgaryFlames	4.07
dankmemes	2.6
dataisbeautiful	1.89
","canucks	12.88
vancouver	12.57
GlobalOffensive	2.3
EdmontonOilers	1.78
baseball	1.7
",562,362,1433,748,1405,714,2.5,1.9723756906077348,2.904316336211143,2.323150221741853,many-many 
16005,"nfl	6.13
theblackvoid	3.9
ImGoingToHellForThis	3.37
leagueoflegends	2.77
NintendoSwitch	2.38
","OutOfTheLoop	3.0
anime	2.7
europe	2.65
Futurology	2.2
UpliftingNews	2.03
",696,201,1013,291,993,268,1.4267241379310345,1.3333333333333333,0.8923871278593638,0.7486859688371788,one-many 
19662,"Android	6.63
Dallas	3.16
tifu	2.31
4chan	1.9
OldSchoolCool	1.87
","Music	2.25
EnoughTrumpSpam	1.81
conspiracy	1.68
worldnews	1.54
Showerthoughts	1.51
",517,177,1244,505,1167,337,2.2572533849129592,1.8932584269662922,2.602180791932131,1.9559358088321002,one-many 
13525,"pcmasterrace	4.01
place	2.05
PrequelMemes	1.78
mildlyinteresting	1.43
Overwatch	1.37
","newzealand	2.9
videos	1.43
AskReddit	1.37
movies	1.26
gifs	1.19
",145,103,282,204,244,174,1.6827586206896552,1.6893203883495145,1.300946330764314,1.3294945839707724,one-one 
4408,"Python	8.87
portugal	5.73
EuropePlace	5.33
YUROP	4.9
spain	4.44
","Anarcho_Capitalism	3.61
onewordeach	3.55
milliondollarextreme	3.48
3Dprinting	3.09
nostalgia	2.71
",4703,3712,13859,11142,11382,7971,2.4119516846789573,2.1410153102336826,3.145990964573926,2.4268490441597765,one-many 
1122,"chile	3.76
soccer	2.24
todayilearned	1.67
gifs	1.48
AskReddit	1.09
","argentina	9.98
worldnews	1.47
gaming	1.24
movies	1.24
pcmasterrace	1.21
",153,81,459,274,391,198,2.5555555555555554,2.4444444444444446,2.4411742831884222,2.543449587168799,one-one 
11106,"hearthstone	4.28
youtubehaiku	3.73
TumblrInAction	3.27
reactiongifs	2.72
rickandmorty	2.63
","CFB	2.79
dataisbeautiful	2.55
OldSchoolCool	2.42
OutOfTheLoop	2.31
DnD	2.12
",799,74,1890,212,1841,86,2.304130162703379,1.162162162162162,1.7854566032759172,0.43579771612424595,many-many 
18619,"canada	4.18
h3h3productions	2.2
WTF	2.17
AdviceAnimals	1.86
mildlyinfuriating	1.7
","announcements	2.61
Games	2.06
woahdude	1.89
explainlikeimfive	1.83
TumblrInAction	1.81
",573,266,1376,573,1309,382,2.2844677137870857,1.4360902255639099,2.45824884203704,1.4910932733246716,one-many 
5073,"tipofmytongue	2.84
pcgaming	2.72
anime	2.1
relationships	1.98
tifu	1.93
","tf2	2.48
comics	2.18
4chan	2.03
MMA	2.03
shittyaskscience	2.03
",1084,490,1880,827,1795,696,1.6559040590405905,1.420408163265306,1.8047324560797935,1.4423591208165698,many-many 
14737,"Suomi	39.75
europe	4.71
hockey	2.97
GlobalOffensive	2.33
leagueoflegends	1.85
","politics	2.82
WTF	2.8
me_irl	2.28
pics	2.12
aww	1.97
",337,198,472,235,469,231,1.3916913946587537,1.1666666666666667,0.8889308349876405,0.6336522323129239,one-many 
8678,"SakuraGakuin	23.64
BABYMETAL	22.44
explainlikeimfive	2.58
anime	1.89
wholesomememes	1.82
","xboxone	3.4
television	2.47
The_Donald	2.43
CringeAnarchy	2.01
LifeProTips	1.96
",401,194,1125,337,1110,292,2.7680798004987532,1.5051546391752577,2.684318282546042,1.4151151010722067,many-many 
17839,"melbourne	2.69
straya	2.61
Cricket	2.09
Showerthoughts	1.78
Music	1.5
","television	2.15
gifs	1.88
technology	1.66
WTF	1.53
politics	1.53
",331,115,767,337,686,209,2.0725075528700905,1.817391304347826,1.7964885342156602,1.8770124675671833,many-many 
4606,"Yogscast	3.4
gaming	2.35
videos	1.45
todayilearned	1.36
pics	1.36
","politics	2.74
WTF	1.73
news	1.63
houston	1.37
movies	1.37
",165,61,286,137,251,90,1.5212121212121212,1.4754098360655739,1.0303743290838017,0.8797644501638519,one-one 
16331,"CrusaderKings	6.74
pcmasterrace	1.98
The_Donald	1.93
gaming	1.69
funny	1.33
","nottheonion	2.15
television	2.11
youtubehaiku	1.93
dataisbeautiful	1.93
politics	1.89
",236,60,320,100,315,97,1.3347457627118644,1.6166666666666667,0.8040023946591445,1.1268195162590244,one-many 
14445,"OLTP	25.63
ELTP	19.69
TagProTesting	18.5
NLTP	13.3
TagPro	10.76
","LivestreamFail	3.77
4chan	3.61
ImGoingToHellForThis	2.83
hmmm	2.62
StarWars	2.53
",804,684,3249,1715,3206,1562,3.987562189054726,2.283625730994152,4.732111592801837,2.944659306782726,many-many 
18525,"LivestreamFail	4.1
JusticeServed	2.87
smashbros	2.38
Ice_Poseidon	2.16
pathofexile	2.09
","masseffect	3.72
PuzzleAndDragons	2.62
StarWars	2.53
UpliftingNews	2.03
bindingofisaac	2.01
",1300,509,2815,1231,2577,791,1.980784012298232,1.5540275049115913,1.7627365875100416,1.2297589039789,many-many 
17635,"SwedenOnPlace	27.03
sweden	13.53
programming	2.37
bestof	2.37
forhonor	2.34
","TheSilphRoad	4.28
Denmark	3.39
pokemongo	3.01
nfl	2.58
The_Donald	2.46
",1398,504,2632,780,2614,748,1.8698140200286124,1.4841269841269842,1.8254100116855805,1.7285379039703852,one-many 
8385,"bakchodi	2.45
Jokes	1.76
india	1.64
technology	1.59
IndiaSpeaks	1.59
","pakistan	2.92
pcmasterrace	1.67
todayilearned	1.44
Cricket	1.43
gaming	1.33
",254,164,703,579,638,509,2.5118110236220472,3.1036585365853657,2.708592747710395,3.8344060220507847,many-one 
19558,"heroesofthestorm	4.2
starcraft	3.47
Games	2.01
pokemon	1.8
hearthstone	1.74
","DotA2	6.27
technology	3.05
wholesomememes	2.31
GlobalOffensive	2.01
nottheonion	1.85
",516,265,881,459,850,392,1.6472868217054264,1.4792452830188678,1.4058337766805113,1.6323797295193527,many-one 
13258,"copenhagen	57.91
DANMAG	44.96
Aarhus	41.33
dankmark	24.81
newzealand	16.53
","swedishproblems	45.9
svenskpolitik	36.95
SwedenOnPlace	30.93
jag_ivl	26.33
stockholm	25.48
",3639,3945,15778,10961,15471,9564,4.250274725274726,2.4231061565746135,5.302575564462398,3.14948943298795,many-many 
12024,"roosterteeth	5.74
politics	4.27
funhaus	2.69
place	1.38
xboxone	1.25
","funny	2.26
gaming	2.21
mildlyinteresting	2.09
pics	1.8
worldnews	1.57
",178,45,255,87,241,66,1.353932584269663,1.4666666666666666,0.7370692312360452,1.309792180292567,many-many 
53,"Gunners	15.96
pcmasterrace	1.89
politics	1.62
funny	1.34
todayilearned	1.32
","coys	82.33
news	1.52
videos	1.25
Showerthoughts	1.18
worldnews	1.15
",243,92,509,280,481,254,1.9794238683127572,2.760869565217391,1.8109146898049313,2.424376052483676,one-one 
20399,"SWARJE	12.98
SwedenOnPlace	6.53
svenskpolitik	4.96
sweden	4.86
Jokes	2.96
","iamverysmart	3.04
The_Donald	3.03
Documentaries	2.53
BlackPeopleTwitter	2.46
Denmark	2.3
",697,423,1642,785,1586,665,2.2754662840746054,1.5721040189125295,2.685074980707172,1.647084125610966,one-many 
4770,"anime_irl	3.44
DnD	3.04
anime	2.88
stevenuniverse	2.78
Minecraft	2.55
","trees	2.82
ImGoingToHellForThis	2.4
sports	2.17
Documentaries	1.99
oddlysatisfying	1.87
",790,439,1870,772,1803,645,2.2822784810126584,1.469248291571754,3.757195947884906,1.5795784247243667,many-many 
18979,"MonaLisaClan	3.71
ainbowroad	2.8
mildlyinfuriating	1.61
quityourbullshit	1.6
RocketLeague	1.58
","europe	2.37
sports	2.37
theblackvoid	2.1
The_Donald	1.95
Tinder	1.77
",430,381,1118,963,931,742,2.1550925925925926,1.942408376963351,2.2187170948505734,2.0380753832435223,many-many 
20442,"NintendoSwitch	4.24
smashbros	1.64
anime	1.26
pokemon	1.26
gaming	1.2
","Overwatch	2.0
AskReddit	1.23
FireEmblemHeroes	1.19
place	1.04
todayilearned	0.98
",210,42,623,180,581,76,2.7666666666666666,1.8095238095238095,2.3959953361377084,1.8801987640380602,one-one 
1633,"wholesomememes	3.75
ainbowroad	3.15
interestingasfuck	2.78
news	2.39
nottheonion	2.03
","The_Donald	2.9
pcmasterrace	1.71
xboxone	1.63
RocketLeague	1.6
WritingPrompts	1.6
",487,164,938,273,925,250,1.8993839835728952,1.524390243902439,1.994895856125476,1.605824837485492,many-one 
9399,"AcePlace	44.62
asexuality	32.72
traaaaaaannnnnnnnnns	11.56
Asexual	9.96
forwardsfromgrandma	9.43
","4chan	4.14
The_Donald	3.73
thatHappened	2.9
Games	2.77
h3h3productions	2.58
",498,406,2587,1171,2523,1078,5.056112224448897,2.6551724137931036,7.795022930074783,3.170726687826337,many-many 
15110,"placehearts	8.86
mildlyinteresting	1.64
place	1.63
politics	1.47
aww	1.43
","Jokes	2.53
AdviceAnimals	2.03
me_irl	1.83
videos	1.56
IAmA	1.52
",282,157,377,199,375,199,1.3297872340425532,1.267515923566879,0.9533996416595001,0.8323259222379431,one-many 
7243,"cutenoobs	5.4
runescape	2.49
CringeAnarchy	2.39
teenagers	2.27
2007scape	2.26
","OldSchoolCool	3.41
trees	2.52
Futurology	2.49
aww	2.33
explainlikeimfive	2.26
",745,373,1281,578,1246,513,1.67248322147651,1.3753351206434317,1.828956465603866,1.4269082825968475,one-many 
1354,"Denmark	25.44
Games	2.76
IAmA	2.63
news	1.43
videos	1.42
","sweden	4.56
The_Donald	1.76
pics	1.52
leagueoflegends	1.51
technology	1.46
",454,183,732,306,724,298,1.5947136563876652,1.6284153005464481,1.5702544146786879,1.7061961021526413,one-one 
2366,"BlueCorner	49.36
RimWorld	10.21
talesfromtechsupport	7.15
titanfall	5.11
techsupportgore	5.11
","Ice_Poseidon	55.45
loltyler1	53.45
Destiny	17.76
LivestreamFail	7.24
osugame	5.35
",1396,1312,3037,2417,2900,2287,2.0773638968481376,1.743140243902439,2.191355231380931,2.1084250028224316,one-many 
18567,"runescape	4.47
2007scape	3.53
leagueoflegends	1.45
movies	1.25
GlobalOffensive	1.25
","PurplePixels	4.93
AdviceAnimals	2.63
WTF	1.98
pics	1.58
IAmA	1.5
",291,220,624,507,522,398,1.7938144329896908,1.8009049773755657,1.5549818685801435,1.796476968334977,many-one 
10759,"factorio	5.4
pcmasterrace	1.88
videos	1.77
AskReddit	1.4
todayilearned	1.22
","greece	8.65
funny	1.69
gaming	1.64
pics	1.33
place	1.25
",139,74,394,248,368,195,2.647482014388489,2.635135135135135,2.6898779340401733,3.1689981549478405,one-one 
4391,"furry	5.59
touhou	3.82
furry_irl	2.56
Overwatch	2.29
place	2.21
","gaming	2.55
todayilearned	2.38
pcmasterrace	2.31
politics	2.13
pics	2.13
",255,72,506,140,485,106,1.9019607843137254,1.4722222222222223,1.5674995945308206,0.8160239345315767,one-many 
15116,"SquareSpiral	40.82
argentina	3.92
magicTCG	3.37
CasualConversation	2.67
casualiama	2.67
","holdmybeer	3.83
watchpeopledie	3.38
whitepeoplegifs	3.19
theblackvoid	3.1
SquaredCircle	2.77
",1571,1238,3290,1675,3262,1617,2.0763844684914066,1.3061389337641358,3.5938657922590256,1.174229663304278,one-many 
18951,"EDC	5.68
MURICA	3.77
tf2	3.55
CollegeBasketball	3.3
guns	3.25
","unitedkingdom	10.75
de	5.3
canada	3.92
programming	2.82
Steam	2.68
",2134,888,5211,2472,4963,2070,2.3213283442469597,2.328458942632171,2.974497735113241,3.097604210251031,one-one 
22991,"CollegeBasketball	12.01
AskTrumpSupporters	7.84
AskAnAmerican	6.67
Fallout	5.67
MURICA	5.45
","unitedkingdom	7.36
australia	6.94
de	5.59
sweden	3.44
darksouls3	3.38
",3095,646,5001,1011,4959,930,1.6022617124394185,1.4396284829721362,1.251220298437597,1.5008488366241788,one-many 
13732,"movies	3.16
PrequelMemes	3.06
me_irl	1.57
place	1.52
dataisbeautiful	1.43
","archlinux	5.83
gaming	1.77
funny	1.77
pcmasterrace	1.42
mildlyinteresting	1.4
",206,119,341,198,326,174,1.5825242718446602,1.4621848739495797,1.2069722356235941,1.2284438196036738,many-one 
1861,"pakistan	3.5
Cricket	2.06
videos	1.55
place	1.53
pics	1.17
","The_Donald	4.29
gaming	2.08
politics	1.95
todayilearned	1.53
news	1.35
",153,95,504,332,473,255,3.0915032679738563,2.6842105263157894,2.608080648348508,3.5902298941043833,one-one 
22167,"starcraft	4.78
heroesofthestorm	2.71
wow	2.34
NintendoSwitch	2.14
hearthstone	2.12
","DotA2	4.59
Music	2.15
GlobalOffensive	2.14
todayilearned	1.78
WTF	1.68
",386,202,656,321,623,266,1.6139896373056994,1.316831683168317,1.254509436932921,0.9432479496090737,one-one 
8278,"de	49.67
explainlikeimfive	3.41
pcmasterrace	2.29
GlobalOffensive	1.89
europe	1.68
","movies	2.74
The_Donald	2.55
Overwatch	2.24
gaming	2.04
place	2.04
",337,124,461,201,460,199,1.3649851632047478,1.6048387096774193,0.8785387532864787,1.5070722973597857,one-many 
21040,"Sneakers	2.32
Overwatch	1.89
Kanye	1.64
hiphopheads	1.59
place	1.53
","pics	2.03
worldnews	1.92
todayilearned	1.87
gifs	1.86
politics	1.73
",251,83,404,192,390,177,1.5537848605577689,2.1325301204819276,1.1005683145855154,3.068577961682591,many-many 
5178,"bostonceltics	4.85
Patriots	4.41
place	1.4
videos	1.26
nfl	1.22
","lakers	4.09
gifs	2.44
television	1.9
gaming	1.44
hiphopheads	1.25
",176,126,502,363,465,290,2.6420454545454546,2.3015873015873014,3.153685491572054,2.3646532054533864,many-one 
15064,"COMPLETEANARCHY	18.51
TheFarLeftSide	15.89
socialism	7.14
ShitLiberalsSay	6.54
LateStageCapitalism	5.87
","GoldandBlack	80.46
Libertarian	11.45
Anarcho_Capitalism	10.39
The_Donald	5.13
CringeAnarchy	4.6
",250,147,909,735,879,709,3.516,4.8231292517006805,5.01535083518591,6.387381991957672,many-one 
10923,"OldSchoolCool	5.52
StLouis	2.76
stlouisblues	2.65
sports	2.45
Cardinals	2.3
","FireEmblemHeroes	3.3
Games	3.07
nba	2.93
space	2.2
CrappyDesign	2.06
",610,590,1502,1351,1269,1017,2.080327868852459,1.723728813559322,2.361946937406716,1.661104286877149,one-many 
668,"CrusaderKings	2.96
eu4	2.4
paradoxplaza	2.33
Showerthoughts	1.54
Stellaris	1.35
","videos	2.01
place	2.0
pics	1.92
funny	1.24
AskReddit	1.22
",187,37,216,57,213,55,1.13903743315508,1.4864864864864864,0.4030964822469038,1.4448720437430984,many-many 
9301,"gameofthrones	2.55
pussypassdenied	2.47
ProgrammerHumor	2.06
PS4	1.88
masseffect	1.86
","Idubbbz	3.74
JonTron	3.54
oldpeoplefacebook	2.49
LivestreamFail	2.43
tumblr	2.18
",1166,1143,2886,2423,2567,1933,2.19777397260274,1.6867364746945899,2.936151936716995,2.1603556350336,many-many 
19752,"me_irl	2.32
roosterteeth	2.12
IAmA	1.78
aww	1.73
WTF	1.35
","Naruto	3.7
todayilearned	1.91
pcmasterrace	1.83
worldnews	1.61
xboxone	1.52
",184,147,514,384,442,272,2.389189189189189,1.837837837837838,3.2813793889060103,1.5941364435739056,many-one 
1123,"brasil	41.71
desabafos	29.34
SquareSpiral	21.98
BrasildoB	20.93
jogatina	19.88
","hockey	4.8
CollegeBasketball	4.61
Sneakers	4.08
de	3.95
malefashionadvice	3.04
",1493,1336,4378,2142,4351,2082,2.914266577361018,1.5583832335329342,4.192378672019776,1.564349769213218,many-many 
5695,"2007scape	7.42
runescape	6.56
leagueoflegends	2.65
Tinder	2.44
forhonor	2.37
","ImGoingToHellForThis	3.21
The_Donald	3.03
TumblrInAction	2.13
dankmemes	1.98
OldSchoolCool	1.95
",865,318,1447,605,1408,561,1.6277456647398845,1.7641509433962264,1.3395427155408903,2.8568087710896197,many-many 
13797,"anime	3.11
wow	2.25
heroesofthestorm	2.0
aww	1.88
Overwatch	1.8
","CringeAnarchy	3.08
The_Donald	2.64
WTF	2.24
AdviceAnimals	2.04
youtubehaiku	1.75
",314,229,612,503,484,356,1.5414012738853504,1.554585152838428,1.015738856678492,1.0829518240574432,many-many 
14864,"philadelphia	16.85
sixers	12.01
Flyers	10.43
eagles	10.09
leagueoflegends	1.69
","EvilLeagueOfEvil	10.45
NYGiants	5.12
Redskins	4.95
cowboys	4.36
personalfinance	2.27
",550,430,2692,1440,2579,1307,4.689090909090909,3.0395348837209304,6.194988377046041,3.7585028894113357,many-one 
14410,"Battlefield	2.92
funhaus	2.65
rickandmorty	2.53
hiphopheads	2.36
CowChop	1.99
","DIY	3.34
dbz	2.52
PoliticalHumor	2.3
books	2.29
GetMotivated	2.29
",1706,683,5894,1868,5687,1223,3.331575864089045,1.7906295754026353,4.934980174919216,2.4777368969931404,many-many 
20874,"ireland	7.21
northernireland	5.2
rugbyunion	5.03
RocketLeague	3.1
MMA	2.41
","nfl	2.7
iamverysmart	2.03
news	1.8
Jokes	1.79
OldSchoolCool	1.7
",557,205,913,243,909,236,1.6319569120287254,1.1512195121951219,1.280674731671127,0.7849567181541743,many-many 
1833,"mexico	3.42
pcmasterrace	1.63
place	1.26
IAmA	1.06
worldnews	1.0
","The_Donald	2.54
funny	1.62
movies	1.44
gaming	1.44
WTF	1.36
",203,106,559,290,486,169,2.394088669950739,1.5943396226415094,2.3950615307294307,1.3015107468934335,one-one 
427,"Judaism	3.76
Israel	2.77
Scotland	2.23
television	1.68
h3h3productions	1.64
","CringeAnarchy	4.12
4chan	3.82
The_Donald	2.3
dankmemes	1.96
gifs	1.9
",335,205,1147,820,1017,666,3.0267857142857144,3.2487804878048783,3.771272571854823,4.754618907106477,many-many 
15392,"placeDE	126.52
touhou	122.7
de	42.63
the_schulz	34.55
de_EDV	33.45
","hockey	7.32
AmericanFlaginPlace	6.91
baseball	6.77
CollegeBasketball	6.23
MURICA	5.59
",1221,1061,3105,2100,3035,2013,2.4856674856674856,1.8972667295004713,2.804728542255119,1.9043583312085228,many-many 
10581,"NintendoSwitch	6.51
DestinyTheGame	2.73
Fireteams	1.94
WTF	1.51
Overwatch	1.48
","television	2.07
worldnews	2.04
Showerthoughts	1.75
mildlyinteresting	1.73
pcmasterrace	1.72
",236,74,359,119,348,100,1.4745762711864407,1.3513513513513513,1.0673256965368119,0.8610558011931887,one-many 
17788,"EdmontonOilers	6.69
Edmonton	2.1
canada	1.81
worldnews	1.63
GlobalOffensive	1.41
","Calgary	3.31
place	2.52
gifs	1.93
pics	1.67
AskReddit	1.56
",213,119,657,339,633,263,2.971830985915493,2.2100840336134455,3.32145605968388,3.2277003536218,one-many 
15429,"pics	2.47
worldnews	1.93
todayilearned	1.79
Showerthoughts	1.73
gifs	1.69
","Eve	4.92
The_Donald	1.92
Futurology	1.78
gaming	1.58
movies	1.46
",244,80,349,162,331,148,1.3565573770491803,1.85,0.8097244729645451,1.5337861650177969,many-one 
6788,"nba	2.02
GlobalOffensive	1.93
politics	1.85
funny	1.53
starterpacks	1.49
","gifs	2.2
television	2.19
gaming	1.71
movies	1.63
me_irl	1.56
",322,86,782,269,731,158,2.270186335403727,1.8372093023255813,1.977744016259573,1.4536279002797128,many-many 
10344,"AmericanFlaginPlace	6.07
indieheads	2.77
me_irl	1.65
technology	1.47
pcmasterrace	1.47
","AdviceAnimals	2.04
WTF	1.89
PoliticalHumor	1.83
worldnews	1.5
IAmA	1.5
",211,67,428,162,407,105,1.9289099526066351,1.5671641791044777,1.8827398222635447,1.0957704383867255,one-many 
22235,"TheFarLeftSide	21.39
FULLCOMMUNISM	15.58
GamerGhazi	12.92
COMPLETEANARCHY	10.38
badphilosophy	8.33
","ImGoingToHellForThis	8.06
Anarcho_Capitalism	8.02
The_Donald	7.18
4chan	7.17
Libertarian	6.4
",424,212,1445,630,1430,600,3.3726415094339623,2.830188679245283,3.7840038947202603,3.8570486764755807,many-many 
22987,"ainbowroad	2.18
dataisbeautiful	1.78
Showerthoughts	1.74
gifs	1.72
mildlyinteresting	1.69
","theblackvoid	8.3
The_Donald	2.22
youtubehaiku	1.65
space	1.5
worldnews	1.47
",341,252,996,510,967,485,2.835777126099707,1.9246031746031746,3.3778663375443814,3.870711892767959,many-one 
1888,"place	2.07
2007scape	2.07
runescape	1.64
mildlyinteresting	1.36
pcmasterrace	1.35
","worldnews	2.7
funny	1.77
pics	1.75
videos	1.61
Showerthoughts	1.52
",208,74,341,151,329,134,1.5817307692307692,1.8108108108108107,1.1901247852380312,2.403126767672639,many-one 
3041,"EdmontonOilers	4.0
GlobalOffensive	2.25
hockey	2.1
movies	1.77
Edmonton	1.56
","politics	2.12
AskReddit	2.07
worldnews	1.93
news	1.77
pics	1.66
",147,56,558,181,542,119,3.6621621621621623,2.125,3.2602314087451365,2.2124848667763324,one-many 
18592,"WritingPrompts	2.33
hockey	2.1
television	1.51
nintendo	1.46
LifeProTips	1.41
","justneckbeardthings	2.99
announcements	2.37
techsupport	2.11
Android	1.79
Minecraft	1.79
",328,637,623,1030,483,881,1.4680851063829787,1.3808777429467085,1.259510800986834,1.0296899040647318,many-many 
18766,"LinuxActionShow	13.43
Fedora	13.02
i3wm	11.39
opensource	11.19
PHP	9.76
","darksouls	4.0
gtaonline	3.69
Sneakers	3.62
keto	3.28
SkincareAddiction	2.95
",5454,2261,13522,3931,13282,3319,2.4348304307974336,1.467285587975243,3.784976385149699,1.6525145126859138,many-many 
13695,"hearthstone	5.2
starcraft	3.68
wow	2.65
heroesofthestorm	2.2
Overwatch	1.78
","WorldofTanks	18.89
pcmasterrace	1.73
pics	1.67
movies	1.61
todayilearned	1.6
",393,131,900,267,865,174,2.2010178117048347,1.3282442748091603,2.0019834902808373,0.7560720924833211,many-one 
9461,"GifRecipes	3.77
Edmonton	3.6
battlefield_one	3.11
Habs	2.95
EnoughTrumpSpam	2.74
","Eve	5.41
tipofmytongue	2.95
forhonor	2.86
guns	2.73
Roadcam	2.67
",1372,690,4835,2758,4254,1667,3.0915697674418605,2.4054834054834053,3.3989206359252564,2.5524962071531587,many-one 
13465,"The_Donald	2.93
conspiracy	2.54
aww	2.02
technology	1.85
movies	1.77
","dataisbeautiful	2.77
nottheonion	1.65
politics	1.61
pcmasterrace	1.6
AskReddit	1.43
",242,76,323,117,319,113,1.3181818181818181,1.486842105263158,0.8244707794189571,1.1179565598922412,many-one 
794,"pokemontrades	8.31
twitchplayspokemon	4.81
gamegrumps	4.52
fireemblem	4.52
MonsterHunter	4.37
","Idubbbz	5.24
unitedkingdom	2.82
theblackvoid	2.66
history	2.44
LivestreamFail	2.29
",2414,910,6640,2372,6357,1650,2.6322981366459626,1.8131868131868132,3.7811497558721383,2.126815128654689,one-one 
3547,"eu4	9.65
paradoxplaza	7.74
Stellaris	5.08
CrusaderKings	3.62
The_Donald	1.77
","mildlyinteresting	3.01
Showerthoughts	1.76
pics	1.75
pcmasterrace	1.6
aww	1.53
",236,56,323,73,318,65,1.347457627118644,1.1607142857142858,0.905511547943358,0.4542177622134609,many-one 
6674,"soccer	2.58
CasualUK	2.28
ukpolitics	1.55
Showerthoughts	1.33
pics	1.29
","todayilearned	2.26
news	1.6
gifs	1.35
movies	1.34
politics	1.32
",131,66,190,98,177,78,1.3511450381679388,1.1818181818181819,0.6981290604686214,0.45756572334974244,many-many 
1368,"mexico	3.0
tf2	2.13
WTF	1.87
me_irl	1.55
LifeProTips	1.52
","pcmasterrace	2.6
GlobalOffensive	2.43
Music	1.93
interestingasfuck	1.66
BlackPeopleTwitter	1.6
",319,122,771,266,712,205,2.231974921630094,1.680327868852459,2.1906282689076253,1.466938338589365,many-many 
19904,"SpaceXMasterrace	6.81
teslamotors	3.39
SpaceXLounge	2.79
KerbalSpaceProgram	2.12
spacex	1.96
","aww	2.78
movies	2.51
mildlyinteresting	2.01
worldnews	1.61
Showerthoughts	1.57
",121,133,460,290,416,246,3.43801652892562,1.835820895522388,3.8416864452383996,1.512110464706142,one-many 
22787,"thetreesnetwork	11.16
trees	2.83
wholesomememes	2.03
CringeAnarchy	1.74
technology	1.3
","Games	3.54
xboxone	2.66
LifeProTips	2.36
me_irl	1.52
pics	1.36
",210,183,1006,706,982,670,4.6761904761904765,3.66120218579235,5.756148246039663,4.770695230359913,one-many 
21658,"MemeEconomy	4.95
PoliticalHumor	3.47
dankmemes	3.22
nfl	2.81
MURICA	2.73
","europe	5.84
ainbowroad	3.08
Futurology	1.74
Jokes	1.68
MapPorn	1.67
",520,258,777,404,767,391,1.475,1.5155038759689923,1.0318718987280424,1.1179264867735885,one-one 
4577,"ainbowroad	3.05
EnoughTrumpSpam	2.34
Showerthoughts	1.62
politics	1.53
explainlikeimfive	1.5
","theblackvoid	4.66
The_Donald	2.69
wholesomememes	1.73
IAmA	1.64
Futurology	1.58
",354,188,614,308,597,269,1.6864406779661016,1.4308510638297873,1.4124096043813539,1.0521029190559745,many-one 
4261,"hiphopheads	11.08
streetwear	7.47
Kanye	6.94
Sneakers	5.83
Music	4.82
","gaming	3.27
WTF	2.97
pics	2.28
todayilearned	2.07
funny	2.0
",248,49,363,109,358,108,1.4435483870967742,2.204081632653061,1.0223503862056385,2.664809154530734,one-many 
19312,"EnoughTrumpSpam	3.98
science	2.51
LateStageCapitalism	2.22
ShitLiberalsSay	2.16
SandersForPresident	2.05
","CringeAnarchy	2.69
The_Donald	2.39
ImGoingToHellForThis	2.12
announcements	2.12
4chan	2.07
",290,204,439,347,378,301,1.303448275862069,1.4754901960784315,0.6625357549860674,0.9519779485942756,one-many 
7874,"politics	4.19
movies	1.6
calvinandhobbes	1.43
AskReddit	1.42
videos	1.39
","AdviceAnimals	2.29
gifs	2.01
funny	1.69
gaming	1.68
place	1.37
",180,48,660,150,633,70,3.5166666666666666,1.4583333333333333,3.4342636280091643,0.9344858955002419,one-many 
13721,"poland	5.0
Polska	2.91
AdviceAnimals	2.27
hearthstone	2.13
Jokes	2.0
","Austria	7.07
wien	6.55
de	5.03
mildlyinteresting	1.73
dataisbeautiful	1.52
",438,282,1046,687,937,539,2.1392694063926943,1.9045936395759717,2.136070179854806,1.9968385156256494,one-many 
19905,"AskMen	11.75
Xenoblade_Chronicles	9.0
truezelda	6.07
Breath_of_the_Wild	5.44
Metroid	3.91
","Piracy	4.16
Bitcoin	3.41
electronic_cigarette	3.41
wallstreetbets	3.41
KerbalSpaceProgram	3.2
",2730,909,6535,2050,6347,1712,2.324908424908425,1.8792535675082327,3.5550514144495255,2.487006385209404,many-many 
16323,"MadokaMagica	9.22
anime_irl	5.54
anime	4.98
Overwatch	2.77
place	1.69
","iamverysmart	3.28
The_Donald	3.23
videos	2.89
pcmasterrace	2.38
movies	1.58
",297,93,722,263,701,232,2.3602693602693603,2.4946236559139785,2.409612608714945,2.4827302691891293,one-many 
11248,"BostonBruins	7.63
redsox	4.36
Browns	3.92
boston	3.62
Patriots	3.47
","AtlantaHawks	14.64
Atlanta	3.13
teenagers	2.82
4chan	2.77
falcons	2.59
",1198,535,2648,1154,2563,980,2.139398998330551,1.8317757009345794,2.9477532214365936,2.1732699911338274,one-one 
620,"baltimore	3.28
UMD	3.15
maryland	2.25
aww	2.04
technology	1.98
","europe	2.17
sweden	1.96
gifs	1.88
Jokes	1.62
wholesomememes	1.62
",362,137,997,354,944,248,2.6077348066298343,1.8102189781021898,2.522987323520444,1.540370828019998,many-many 
11416,"Overwatch	3.91
pcmasterrace	2.74
The_Donald	1.96
technology	1.94
funny	1.64
","AdviceAnimals	2.12
Futurology	1.64
videos	1.51
todayilearned	1.34
WTF	1.3
",327,60,524,172,503,147,1.5335365853658536,2.45,1.0927018114112885,2.5061590798138367,many-many 
16666,"GifRecipes	3.86
Edmonton	3.69
Habs	3.02
EnoughTrumpSpam	2.81
softwaregore	2.01
","Eve	5.91
tipofmytongue	2.88
forhonor	2.79
Roadcam	2.61
zelda	2.44
",1374,704,4992,2854,4403,1744,3.1905797101449274,2.4667609618104667,3.5713105555560416,2.7218973961340636,many-one 
7165,"zootopia	49.33
furry_irl	26.31
NightInTheWoods	11.39
furry	9.17
yiff	8.02
","SquaredCircle	16.75
streetwear	8.79
Destiny	7.76
IASIP	5.02
RoastMe	3.26
",1148,1300,6875,3925,6640,3335,5.7839721254355405,2.5653846153846156,8.289325294554693,3.332063614187773,one-one 
22950,"unixporn	8.99
linuxquestions	3.3
linuxmasterrace	3.19
linux	2.92
ProgrammerHumor	2.55
","movies	2.02
Amd	1.99
mildlyinteresting	1.97
aww	1.88
funny	1.72
",253,98,503,215,477,173,1.8853754940711462,1.7653061224489797,1.580108428420489,1.867012348746167,one-many 
17301,"asktransgender	36.57
MtF	21.33
ainbow	13.88
TransFlagPlace	10.76
Kanye	3.95
","theblackvoid	22.12
The_Donald	6.3
Games	2.88
videos	2.82
gaming	2.32
",299,241,784,471,773,453,2.5852842809364547,1.879668049792531,2.42518506057728,1.7775809631857642,one-one 
2743,"nvidia	4.02
hardwareswap	3.4
PUBATTLEGROUNDS	3.21
RandomActsOfGaming	3.1
GamePhysics	3.1
","hiphopheads	3.65
PS4	3.39
SandersForPresident	2.69
worldbuilding	2.67
ComedyCemetery	2.62
",1556,759,3022,1309,2930,1213,1.8830334190231361,1.598155467720685,2.0878384663589533,1.471036765981949,many-many 
4208,"Edinburgh	11.85
glasgow	8.83
ScottishFootball	5.24
ScottishPeopleTwitter	4.62
Scotland	3.37
","2007scape	4.24
4chan	2.7
NintendoSwitch	2.39
hearthstone	2.04
Android	2.0
",646,454,1307,781,1223,592,1.8931888544891642,1.3010989010989011,1.7487855277074775,1.1365548971231512,many-one 
3158,"starcitizen	10.19
hardwareswap	3.94
RandomActsOfGaming	3.87
tf2	3.66
jailbreak	3.66
","SubredditDrama	4.02
PS4	3.72
cringe	3.21
EnoughTrumpSpam	2.28
comics	2.24
",809,318,1968,698,1914,629,2.365883807169345,1.9779874213836477,2.6186783655212964,2.140391658709211,one-many 
5445,"BritishSuccess	5.35
battlestations	3.62
AskUK	3.23
reactiongifs	3.05
apple	2.76
","argentina	49.72
shittyaskscience	2.91
startrek	2.91
ireland	2.61
MarchAgainstTrump	2.57
",1954,699,4355,1576,4157,1190,2.1274309109518934,1.6951566951566952,2.235297660514552,2.281088962708054,one-one 
19648,"OpTicGaming	5.83
FACEITcom	5.11
csmapmakers	4.66
ClassicOffensive	3.86
randomactsofcsgo	3.33
","Eve	6.02
unitedkingdom	5.27
EdmontonOilers	4.52
LateStageCapitalism	4.02
holdmybeer	3.44
",3031,1688,6151,3281,5918,2799,1.95249092708677,1.6571936056838366,2.642517039246018,2.0250817872205733,many-many 
8680,"vancouver	5.1
youtubehaiku	3.39
OutOfTheLoop	2.9
Documentaries	2.78
starterpacks	2.78
","conspiracy	2.35
NatureIsFuckingLit	2.24
SubredditDrama	1.94
tipofmytongue	1.94
The_Donald	1.88
",979,230,1658,454,1594,338,1.6281920326864148,1.4695652173913043,1.1499708660420536,1.1445275397407233,one-many 
10190,"FULLCOMMUNISM	16.47
COMPLETEANARCHY	14.58
Anarchism	9.63
LateStageCapitalism	2.66
socialism	2.57
","The_Donald	12.64
mildlyinteresting	3.24
gifs	2.68
pics	1.84
todayilearned	1.64
",131,47,213,95,208,87,1.5877862595419847,1.851063829787234,0.8898943157736846,2.0729126738414636,many-one 
18595,"transgender	60.59
transpassing	58.09
asktransgender	52.12
TransyTalk	44.77
traaaaaaannnnnnnnnns	43.02
","dbz	6.96
Battlefield	4.84
guns	3.51
The_Donald	3.48
Bitcoin	3.11
",2225,1879,9578,5444,9116,4996,4.089726334679228,2.657446808510638,5.357144080770775,3.456522953492675,many-one 
18950,"france	8.46
europe	3.19
place	1.81
leagueoflegends	1.43
aww	1.37
","movies	2.62
me_irl	2.0
television	1.83
Showerthoughts	1.63
videos	1.55
",411,93,622,131,618,126,1.5036496350364963,1.3548387096774193,1.0117852083823555,1.4115130392621023,one-many 
7773,"PuzzleAndDragons	3.35
place	2.58
masseffect	1.79
worldnews	1.1
funny	1.08
","pcmasterrace	2.24
gifs	2.16
todayilearned	1.57
Overwatch	1.44
movies	1.34
",202,39,358,59,353,40,1.7475247524752475,1.0256410256410255,1.214849871294126,0.1580618975120251,many-many 
13195,"Futurology	2.4
Music	2.32
Parahumans	2.29
Cricket	2.18
straya	1.76
","GlobalOffensive	3.88
aww	1.93
brisbane	1.9
leagueoflegends	1.64
CringeAnarchy	1.57
",476,194,1216,526,1127,281,2.3676470588235294,1.4484536082474226,2.2892981588920382,1.2310094258821462,many-one 
8557,"smashbros	3.7
leagueoflegends	3.62
anime	2.34
oddlysatisfying	2.31
BlackPeopleTwitter	1.91
","rickandmorty	2.96
ImGoingToHellForThis	2.73
Unexpected	1.95
CrappyDesign	1.89
facepalm	1.89
",764,230,1509,463,1431,327,1.8705882352941177,1.4217391304347826,2.0612161634044823,0.9373675079660849,many-many 
22535,"xboxone	4.51
DestinyTheGame	4.05
Fireteams	2.48
place	1.39
todayilearned	1.15
","Showerthoughts	2.67
me_irl	2.31
funny	1.75
pics	1.7
AskReddit	1.55
",143,48,213,73,202,56,1.4125874125874125,1.1666666666666667,0.7784570657385034,0.42491829279939874,many-many 
6889,"Overwatch	2.76
leagueoflegends	1.85
IAmA	1.81
videos	1.57
me_irl	1.44
","The_Donald	2.52
funny	1.98
technology	1.6
politics	1.4
movies	1.4
",351,163,526,256,489,212,1.393162393162393,1.3006134969325154,1.1860341031590875,1.0804166960568717,one-many 
2888,"AskEurope	4.59
LateStageCapitalism	3.44
ShitAmericansSay	3.16
the_schulz	2.91
de	2.32
","The_Donald	4.22
nfl	2.41
nba	2.3
ukpolitics	2.12
sports	2.0
",811,415,1441,910,1270,745,1.56596794081381,1.7951807228915662,1.143911516482755,1.9373254209389668,many-one 
6697,"Habs	4.56
pcmasterrace	3.11
canada	1.46
news	1.38
place	1.16
","BostonBruins	5.76
leafs	3.94
xboxone	1.99
sports	1.69
movies	1.33
",196,134,558,337,512,264,2.598984771573604,1.9555555555555555,2.6898189293825228,1.8006857404340348,one-one 
17408,"placehearts	6.4
politics	1.58
news	1.4
worldnews	1.36
IAmA	1.22
","me_irl	2.28
Showerthoughts	1.33
pcmasterrace	1.28
movies	1.27
place	1.22
",167,133,507,297,489,268,2.92814371257485,2.0150375939849625,4.349366892155711,2.56929516213409,one-one 
3154,"Bitcoin	4.73
btc	3.56
BitcoinMarkets	3.18
AskReddit	0.98
funny	0.93
","france	8.88
technology	2.49
todayilearned	2.47
worldnews	1.88
gaming	1.79
",180,101,423,231,371,173,2.061111111111111,1.7128712871287128,1.616456649206972,1.4304789315232873,many-one 
10852,"BitcoinMarkets	8.29
Bitcoin	4.44
btc	4.27
ethereum	2.11
politics	1.08
","france	5.04
WTF	3.02
Overwatch	2.79
explainlikeimfive	2.41
pcmasterrace	2.28
",314,172,862,423,816,344,2.5987261146496814,1.9884393063583814,2.124650207588216,1.7894631846145503,one-one 
12730,"forhonor	3.66
hearthstone	2.0
youtubehaiku	1.82
pcmasterrace	1.59
The_Donald	1.44
","wow	2.69
mildlyinteresting	2.1
GlobalOffensive	1.93
aww	1.8
leagueoflegends	1.75
",439,253,1027,657,855,410,1.9387755102040816,1.6205533596837944,2.022182504966152,1.231299841036351,one-many 
20424,"smashbros	2.98
SSBM	2.2
me_irl	1.78
pcmasterrace	1.26
videos	0.97
","leagueoflegends	2.52
NintendoSwitch	2.35
todayilearned	2.08
gaming	1.98
Overwatch	1.66
",276,44,370,81,362,70,1.3115942028985508,1.5909090909090908,0.5748437045006883,2.0036124400485624,many-many 
8674,"StardustCrusaders	2.98
fountainpens	2.56
harrypotter	2.54
MorbidReality	2.39
Guitar	2.25
","horizon	2.69
FULLCOMMUNISM	2.52
techsupportgore	2.38
uncensorednews	2.33
Justrolledintotheshop	2.27
",2052,2345,4282,4477,3697,3517,1.797277588721439,1.496595744680851,2.5881132071486794,1.752502498369233,many-many 
2916,"placehearts	10.03
AskOuija	2.29
wholesomememes	2.27
Unexpected	2.15
ProgrammerHumor	1.83
","rickandmorty	2.39
trees	2.39
Games	2.0
pokemon	1.87
TumblrInAction	1.72
",592,275,1311,541,1275,521,2.1537162162162162,1.8945454545454545,2.8323099111820866,2.2040803633111667,one-many 
8796,"BlackPeopleTwitter	4.09
leagueoflegends	2.85
StarWars	2.85
Games	2.81
funhaus	2.77
","funny	2.35
CringeAnarchy	2.31
Showerthoughts	2.12
television	1.88
worldnews	1.84
",532,109,867,223,843,185,1.5845864661654134,1.6972477064220184,1.1819392827415087,1.7996155917559364,one-many 
1528,"france	3.55
mildlyinteresting	2.38
pics	1.66
europe	1.48
videos	1.42
","gaming	2.79
AskReddit	1.64
funny	1.61
WTF	1.56
news	1.35
",269,94,333,110,325,100,1.20817843866171,1.0638297872340425,0.5465063335594662,0.2444494743207672,one-one 
11648,"boardgames	4.42
relationships	3.72
startrek	3.72
UBC	3.26
canucks	3.14
","motorcycles	3.23
Battlefield	3.13
patientgamers	2.92
fo4	2.58
memes	2.54
",2741,1194,8323,4709,7358,3304,2.6746637586332245,2.7510407993338886,3.2066715296069814,3.2616359558117183,many-many 
3594,"pakistan	3.13
place	1.61
worldnews	1.59
Cricket	1.52
politics	1.28
","gaming	2.24
Showerthoughts	2.13
AdviceAnimals	2.03
WTF	1.8
gifs	1.8
",141,143,478,430,385,317,2.730496453900709,2.2167832167832167,2.2499154676764084,2.216088219129166,one-many 
6436,"BlueCorner	4.26
TheBlueCorner	3.51
The_Gaben	3.12
im14andthisisdeep	3.11
therewasanattempt	3.06
","Destiny	267.33
Ice_Poseidon	20.72
Twitch	9.35
LivestreamFail	9.3
KotakuInAction	4.56
",1624,1452,6386,4637,6068,3591,3.7226993865030673,2.47143840330351,5.133115159522516,3.845078431494944,many-one 
781,"warriors	4.36
news	1.46
politics	1.34
nba	1.27
funny	1.02
","todayilearned	2.27
worldnews	2.13
place	1.7
pics	1.43
nfl	1.36
",168,84,364,167,357,150,2.125,1.7857142857142858,1.943203969393503,1.7999433097648787,one-many 
11654,"darksouls	14.73
DarkSouls2	7.84
darksouls3	4.42
forhonor	2.88
leagueoflegends	1.73
","Music	2.52
aww	1.79
IAmA	1.67
worldnews	1.55
movies	1.45
",295,96,511,157,497,134,1.6847457627118645,1.3958333333333333,1.4976607250067713,1.194424256935347,one-many 
2574,"japan	7.18
anime	3.25
news	2.26
worldnews	1.32
videos	1.27
","korea	4.77
leagueoflegends	1.78
The_Donald	1.78
pcmasterrace	1.51
place	1.5
",188,129,482,310,447,246,2.377659574468085,1.9069767441860466,2.734906519672016,1.8402976691522148,one-one 
17767,"ripcity	5.29
Portland	2.87
place	2.01
news	1.67
mildlyinteresting	1.58
","Showerthoughts	2.27
movies	1.8
nfl	1.67
AskReddit	1.66
gaming	1.54
",185,117,594,233,574,205,3.1027027027027025,1.7521367521367521,3.323177125720447,1.232785622707883,one-many 
156,"Wellington	6.85
newzealand	4.09
chch	2.59
pathofexile	2.1
Amd	2.04
","CringeAnarchy	2.83
starterpacks	2.76
wow	2.76
facepalm	2.23
Futurology	2.23
",653,380,1656,815,1553,604,2.3709923664122137,1.5894736842105264,2.576715719807889,1.9986560581503672,one-many 
10799,"GlobalOffensive	3.46
Jokes	2.3
Showerthoughts	2.12
pcmasterrace	1.84
Overwatch	1.68
","interestingasfuck	2.93
LifeProTips	2.47
technology	2.03
explainlikeimfive	1.9
dataisbeautiful	1.67
",415,87,644,201,633,183,1.5253012048192771,2.103448275862069,1.3185281474207204,2.2945937599467756,one-many 
20974,"CalgaryFlames	6.23
Calgary	6.17
alberta	3.71
EnoughTrumpSpam	2.02
place	2.02
","canucks	9.78
vancouver	9.16
OttawaSenators	4.62
leafs	4.13
hiphopheads	2.37
",619,380,2744,1334,2675,1081,4.321486268174475,2.844736842105263,5.5079651873502105,4.241970580335527,many-many 
